system:index,cls,date,sensor,value,.geo
1_0_20230115T023041_20230115T023728_T50QRL,Broadleaf,2023-01-15,S2_NDMI,0.00722891566265055,"{""type"":""MultiPoint"",""coordinates"":[]}"
1_0_20230115T023041_20230115T023728_T51QTF,Broadleaf,2023-01-15,S2_NDMI,0.017608409986859353,"{""type"":""MultiPoint"",""coordinates"":[]}"
1_0_20230125T023001_20230125T023649_T50QRL,Broadleaf,2023-01-25,S2_NDMI,0.027231467473524975,"{""type"":""MultiPoint"",""coordinates"":[]}"
1_0_20230125T023001_20230125T023649_T51QTF,Broadleaf,2023-01-25,S2_NDMI,0.03493013972055892,"{""type"":""MultiPoint"",""coordinates"":[]}"
1_0_20230130T022939_20230130T023625_T50QRL,Broadleaf,2023-01-30,S2_NDMI,0.12236646094913811,"{""type"":""MultiPoint"",""coordinates"":[]}"
1_0_20230130T022939_20230130T023625_T51QTF,Broadleaf,2023-01-30,S2_NDMI,0.14080338266384776,"{""type"":""MultiPoint"",""coordinates"":[]}"
1_0_20230209T022839_20230209T024114_T50QRL,Broadleaf,2023-02-09,S2_NDMI,0.05297098111469367,"{""type"":""MultiPoint"",""coordinates"":[]}"
1_0_20230209T022839_20230209T024114_T51QTF,Broadleaf,2023-02-09,S2_NDMI,0.05316689782709199,"{""type"":""MultiPoint"",""coordinates"":[]}"
1_0_20230219T022739_20230219T023549_T50QRL,Broadleaf,2023-02-19,S2_NDMI,-0.00991033506370932,"{""type"":""MultiPoint"",""coordinates"":[]}"
1_0_20230219T022739_20230219T023549_T51QTF,Broadleaf,2023-02-19,S2_NDMI,0.017503978176858406,"{""type"":""MultiPoint"",""coordinates"":[]}"
1_0_20230224T022701_20230224T023934_T50QRL,Broadleaf,2023-02-24,S2_NDMI,-0.005635873560401854,"{""type"":""MultiPoint"",""coordinates"":[]}"
1_0_20230224T022701_20230224T023934_T51QTF,Broadleaf,2023-02-24,S2_NDMI,0.012924844423169018,"{""type"":""MultiPoint"",""coordinates"":[]}"
1_0_20230301T022629_20230301T023903_T50QRL,Broadleaf,2023-03-01,S2_NDMI,0.039566847147022056,"{""type"":""MultiPoint"",""coordinates"":[]}"
1_0_20230301T022629_20230301T023903_T51QTF,Broadleaf,2023-03-01,S2_NDMI,0.054247266610597124,"{""type"":""MultiPoint"",""coordinates"":[]}"
1_0_20230306T022551_20230306T023822_T50QRL,Broadleaf,2023-03-06,S2_NDMI,6.876002750400979E-4,"{""type"":""MultiPoint"",""coordinates"":[]}"
1_0_20230306T022551_20230306T023822_T51QTF,Broadleaf,2023-03-06,S2_NDMI,0.018321646686270066,"{""type"":""MultiPoint"",""coordinates"":[]}"
1_0_20230311T022539_20230311T023347_T50QRL,Broadleaf,2023-03-11,S2_NDMI,-0.006523157208088721,"{""type"":""MultiPoint"",""coordinates"":[]}"
1_0_20230311T022539_20230311T023347_T51QTF,Broadleaf,2023-03-11,S2_NDMI,0.006754583467352817,"{""type"":""MultiPoint"",""coordinates"":[]}"
1_0_20230321T022529_20230321T023806_T50QRL,Broadleaf,2023-03-21,S2_NDMI,-0.00977777777777781,"{""type"":""MultiPoint"",""coordinates"":[]}"
1_0_20230405T022531_20230405T023803_T50QRL,Broadleaf,2023-04-05,S2_NDMI,-0.09401709401709403,"{""type"":""MultiPoint"",""coordinates"":[]}"
1_0_20230405T022531_20230405T023803_T51QTF,Broadleaf,2023-04-05,S2_NDMI,-0.08376375477206378,"{""type"":""MultiPoint"",""coordinates"":[]}"
1_0_20230410T022529_20230410T023805_T50QRL,Broadleaf,2023-04-10,S2_NDMI,-0.035217391304347874,"{""type"":""MultiPoint"",""coordinates"":[]}"
1_0_20230410T022529_20230410T023805_T51QTF,Broadleaf,2023-04-10,S2_NDMI,-0.025048169556840052,"{""type"":""MultiPoint"",""coordinates"":[]}"
1_0_20230415T022531_20230415T023435_T50QRL,Broadleaf,2023-04-15,S2_NDMI,-0.07871125611745519,"{""type"":""MultiPoint"",""coordinates"":[]}"
1_0_20230415T022531_20230415T023435_T51QTF,Broadleaf,2023-04-15,S2_NDMI,-0.03669532396728877,"{""type"":""MultiPoint"",""coordinates"":[]}"
1_0_20230430T022529_20230430T023801_T50QRL,Broadleaf,2023-04-30,S2_NDMI,-0.03928571428571431,"{""type"":""MultiPoint"",""coordinates"":[]}"
1_0_20230430T022529_20230430T023801_T51QTF,Broadleaf,2023-04-30,S2_NDMI,-0.031218930204812017,"{""type"":""MultiPoint"",""coordinates"":[]}"
1_0_20230520T022539_20230520T023805_T50QRL,Broadleaf,2023-05-20,S2_NDMI,0.010108864696734025,"{""type"":""MultiPoint"",""coordinates"":[]}"
1_0_20230520T022539_20230520T023805_T51QTF,Broadleaf,2023-05-20,S2_NDMI,0.016557566422795524,"{""type"":""MultiPoint"",""coordinates"":[]}"
1_0_20230525T022531_20230525T023627_T50QRL,Broadleaf,2023-05-25,S2_NDMI,-0.00865979381443301,"{""type"":""MultiPoint"",""coordinates"":[]}"
1_0_20230525T022531_20230525T023627_T51QTF,Broadleaf,2023-05-25,S2_NDMI,0.007602219026094121,"{""type"":""MultiPoint"",""coordinates"":[]}"
1_0_20230530T022539_20230530T023804_T50QRL,Broadleaf,2023-05-30,S2_NDMI,0.04803827751196169,"{""type"":""MultiPoint"",""coordinates"":[]}"
1_0_20230530T022539_20230530T023804_T51QTF,Broadleaf,2023-05-30,S2_NDMI,0.05328798185941044,"{""type"":""MultiPoint"",""coordinates"":[]}"
1_0_20230604T022531_20230604T023804_T50QRL,Broadleaf,2023-06-04,S2_NDMI,0.05787965616045839,"{""type"":""MultiPoint"",""coordinates"":[]}"
1_0_20230604T022531_20230604T023804_T51QTF,Broadleaf,2023-06-04,S2_NDMI,0.06284412378963355,"{""type"":""MultiPoint"",""coordinates"":[]}"
1_0_20230619T022539_20230619T023805_T50QRL,Broadleaf,2023-06-19,S2_NDMI,0.0939226519337017,"{""type"":""MultiPoint"",""coordinates"":[]}"
1_0_20230619T022539_20230619T023805_T51QTF,Broadleaf,2023-06-19,S2_NDMI,0.1175862781566439,"{""type"":""MultiPoint"",""coordinates"":[]}"
1_0_20230624T022531_20230624T023804_T50QRL,Broadleaf,2023-06-24,S2_NDMI,0.07503578000408916,"{""type"":""MultiPoint"",""coordinates"":[]}"
1_0_20230624T022531_20230624T023804_T51QTF,Broadleaf,2023-06-24,S2_NDMI,0.09804703068951777,"{""type"":""MultiPoint"",""coordinates"":[]}"
1_0_20230704T022541_20230704T023805_T50QRL,Broadleaf,2023-07-04,S2_NDMI,0.0741294595171972,"{""type"":""MultiPoint"",""coordinates"":[]}"
1_0_20230704T022541_20230704T023805_T51QTF,Broadleaf,2023-07-04,S2_NDMI,0.10301507537688447,"{""type"":""MultiPoint"",""coordinates"":[]}"
1_0_20230709T022539_20230709T023805_T50QRL,Broadleaf,2023-07-09,S2_NDMI,0.13162206444565816,"{""type"":""MultiPoint"",""coordinates"":[]}"
1_0_20230709T022539_20230709T023805_T51QTF,Broadleaf,2023-07-09,S2_NDMI,0.15330766538326918,"{""type"":""MultiPoint"",""coordinates"":[]}"
1_0_20230714T022541_20230714T023722_T50QRL,Broadleaf,2023-07-14,S2_NDMI,0.11771461383864479,"{""type"":""MultiPoint"",""coordinates"":[]}"
1_0_20230724T022541_20230724T023805_T50QRL,Broadleaf,2023-07-24,S2_NDMI,0.11135135135135138,"{""type"":""MultiPoint"",""coordinates"":[]}"
1_0_20230724T022541_20230724T023805_T51QTF,Broadleaf,2023-07-24,S2_NDMI,0.1382216603455542,"{""type"":""MultiPoint"",""coordinates"":[]}"
1_0_20230823T022541_20230823T023105_T50QRL,Broadleaf,2023-08-23,S2_NDMI,0.05838354456679823,"{""type"":""MultiPoint"",""coordinates"":[]}"
1_0_20230823T022541_20230823T023105_T51QTF,Broadleaf,2023-08-23,S2_NDMI,0.06273369339426678,"{""type"":""MultiPoint"",""coordinates"":[]}"
1_0_20230828T022539_20230828T023034_T50QRL,Broadleaf,2023-08-28,S2_NDMI,0.056621215622833364,"{""type"":""MultiPoint"",""coordinates"":[]}"
1_0_20230828T022539_20230828T023034_T51QTF,Broadleaf,2023-08-28,S2_NDMI,0.06882217090069283,"{""type"":""MultiPoint"",""coordinates"":[]}"
1_0_20230922T022531_20230922T023802_T50QRL,Broadleaf,2023-09-22,S2_NDMI,0.06878744061144391,"{""type"":""MultiPoint"",""coordinates"":[]}"
1_0_20230922T022531_20230922T023802_T51QTF,Broadleaf,2023-09-22,S2_NDMI,0.06963329213020189,"{""type"":""MultiPoint"",""coordinates"":[]}"
1_0_20231101T022831_20231101T024100_T50QRL,Broadleaf,2023-11-01,S2_NDMI,0.08478568064060293,"{""type"":""MultiPoint"",""coordinates"":[]}"
1_0_20231101T022831_20231101T024100_T51QTF,Broadleaf,2023-11-01,S2_NDMI,0.11538461538461536,"{""type"":""MultiPoint"",""coordinates"":[]}"
1_0_20231106T022909_20231106T023554_T50QRL,Broadleaf,2023-11-06,S2_NDMI,0.07276402223345121,"{""type"":""MultiPoint"",""coordinates"":[]}"
1_0_20231106T022909_20231106T023554_T51QTF,Broadleaf,2023-11-06,S2_NDMI,0.08015640273704788,"{""type"":""MultiPoint"",""coordinates"":[]}"
1_0_20231116T022949_20231116T023640_T50QRL,Broadleaf,2023-11-16,S2_NDMI,0.09204602301150576,"{""type"":""MultiPoint"",""coordinates"":[]}"
1_0_20231116T022949_20231116T023640_T51QTF,Broadleaf,2023-11-16,S2_NDMI,0.0988103908715708,"{""type"":""MultiPoint"",""coordinates"":[]}"
1_0_20231121T023011_20231121T023934_T50QRL,Broadleaf,2023-11-21,S2_NDMI,0.08954851583936146,"{""type"":""MultiPoint"",""coordinates"":[]}"
1_0_20231121T023011_20231121T023934_T51QTF,Broadleaf,2023-11-21,S2_NDMI,0.09835271317829464,"{""type"":""MultiPoint"",""coordinates"":[]}"
1_0_20231126T023029_20231126T023716_T50QRL,Broadleaf,2023-11-26,S2_NDMI,0.11025641025641028,"{""type"":""MultiPoint"",""coordinates"":[]}"
1_0_20231126T023029_20231126T023716_T51QTF,Broadleaf,2023-11-26,S2_NDMI,0.11233150274588113,"{""type"":""MultiPoint"",""coordinates"":[]}"
1_0_20231206T023059_20231206T023056_T50QRL,Broadleaf,2023-12-06,S2_NDMI,0.12850752338348928,"{""type"":""MultiPoint"",""coordinates"":[]}"
1_0_20231206T023059_20231206T023056_T51QTF,Broadleaf,2023-12-06,S2_NDMI,0.15445277938065008,"{""type"":""MultiPoint"",""coordinates"":[]}"
1_0_20231211T023101_20231211T023104_T50QRL,Broadleaf,2023-12-11,S2_NDMI,0.01715550636413941,"{""type"":""MultiPoint"",""coordinates"":[]}"
1_0_20231211T023101_20231211T023104_T51QTF,Broadleaf,2023-12-11,S2_NDMI,0.01683867463335147,"{""type"":""MultiPoint"",""coordinates"":[]}"
1_0_20231216T023119_20231216T023115_T50QRL,Broadleaf,2023-12-16,S2_NDMI,0.06435643564356436,"{""type"":""MultiPoint"",""coordinates"":[]}"
1_0_20231216T023119_20231216T023115_T51QTF,Broadleaf,2023-12-16,S2_NDMI,0.05814905814905819,"{""type"":""MultiPoint"",""coordinates"":[]}"
1_0_20231231T023111_20231231T023111_T50QRL,Broadleaf,2023-12-31,S2_NDMI,0.06291591046581968,"{""type"":""MultiPoint"",""coordinates"":[]}"
1_0_20231231T023111_20231231T023111_T51QTF,Broadleaf,2023-12-31,S2_NDMI,0.07103186202864656,"{""type"":""MultiPoint"",""coordinates"":[]}"
1_0_20240105T023109_20240105T023106_T50QRL,Broadleaf,2024-01-05,S2_NDMI,0.0952868852459016,"{""type"":""MultiPoint"",""coordinates"":[]}"
1_0_20240105T023109_20240105T023106_T51QTF,Broadleaf,2024-01-05,S2_NDMI,0.09446419502285427,"{""type"":""MultiPoint"",""coordinates"":[]}"
1_0_20240110T023051_20240110T023051_T50QRL,Broadleaf,2024-01-10,S2_NDMI,0.04358974358974355,"{""type"":""MultiPoint"",""coordinates"":[]}"
1_0_20240110T023051_20240110T023051_T51QTF,Broadleaf,2024-01-10,S2_NDMI,0.050290624210260294,"{""type"":""MultiPoint"",""coordinates"":[]}"
1_0_20240115T023039_20240115T023731_T50QRL,Broadleaf,2024-01-15,S2_NDMI,0.06827956989247307,"{""type"":""MultiPoint"",""coordinates"":[]}"
1_0_20240115T023039_20240115T023731_T51QTF,Broadleaf,2024-01-15,S2_NDMI,0.06099518459069025,"{""type"":""MultiPoint"",""coordinates"":[]}"
1_0_20240120T023021_20240120T023015_T50QRL,Broadleaf,2024-01-20,S2_NDMI,-0.007764390896921054,"{""type"":""MultiPoint"",""coordinates"":[]}"
1_0_20240120T023021_20240120T023015_T51QTF,Broadleaf,2024-01-20,S2_NDMI,-0.008816457387122622,"{""type"":""MultiPoint"",""coordinates"":[]}"
1_0_20240130T022931_20240130T022934_T50QRL,Broadleaf,2024-01-30,S2_NDMI,-0.014841351074718524,"{""type"":""MultiPoint"",""coordinates"":[]}"
1_0_20240130T022931_20240130T022934_T51QTF,Broadleaf,2024-01-30,S2_NDMI,-0.015832482124616912,"{""type"":""MultiPoint"",""coordinates"":[]}"
1_0_20240214T022819_20240214T024040_T50QRL,Broadleaf,2024-02-14,S2_NDMI,0.012916045702930975,"{""type"":""MultiPoint"",""coordinates"":[]}"
1_0_20240214T022819_20240214T024040_T51QTF,Broadleaf,2024-02-14,S2_NDMI,0.00669476816265809,"{""type"":""MultiPoint"",""coordinates"":[]}"
1_0_20240219T022741_20240219T024005_T50QRL,Broadleaf,2024-02-19,S2_NDMI,-0.035025017869907055,"{""type"":""MultiPoint"",""coordinates"":[]}"
1_0_20240219T022741_20240219T024005_T51QTF,Broadleaf,2024-02-19,S2_NDMI,-0.0300023623907394,"{""type"":""MultiPoint"",""coordinates"":[]}"
1_0_20240224T022709_20240224T023932_T50QRL,Broadleaf,2024-02-24,S2_NDMI,-0.017477562588568772,"{""type"":""MultiPoint"",""coordinates"":[]}"
1_0_20240224T022709_20240224T023932_T51QTF,Broadleaf,2024-02-24,S2_NDMI,-0.022169811320754695,"{""type"":""MultiPoint"",""coordinates"":[]}"
1_0_20240229T022631_20240229T023858_T50QRL,Broadleaf,2024-02-29,S2_NDMI,0.05464649583204691,"{""type"":""MultiPoint"",""coordinates"":[]}"
1_0_20240229T022631_20240229T023858_T51QTF,Broadleaf,2024-02-29,S2_NDMI,0.06583268178264265,"{""type"":""MultiPoint"",""coordinates"":[]}"
1_0_20240305T022549_20240305T023818_T50QRL,Broadleaf,2024-03-05,S2_NDMI,0.14944649446494465,"{""type"":""MultiPoint"",""coordinates"":[]}"
1_0_20240305T022549_20240305T023818_T51QTF,Broadleaf,2024-03-05,S2_NDMI,0.1562323745064861,"{""type"":""MultiPoint"",""coordinates"":[]}"
1_0_20240315T022529_20240315T023755_T50QRL,Broadleaf,2024-03-15,S2_NDMI,-0.06330935251798563,"{""type"":""MultiPoint"",""coordinates"":[]}"
1_0_20240315T022529_20240315T023755_T51QTF,Broadleaf,2024-03-15,S2_NDMI,-0.06999273431823688,"{""type"":""MultiPoint"",""coordinates"":[]}"
1_0_20240320T022531_20240320T023758_T50QRL,Broadleaf,2024-03-20,S2_NDMI,0.06103437198843555,"{""type"":""MultiPoint"",""coordinates"":[]}"
1_0_20240320T022531_20240320T023758_T51QTF,Broadleaf,2024-03-20,S2_NDMI,0.04227257355427794,"{""type"":""MultiPoint"",""coordinates"":[]}"
1_0_20240404T022529_20240404T023755_T50QRL,Broadleaf,2024-04-04,S2_NDMI,-0.03154231020230588,"{""type"":""MultiPoint"",""coordinates"":[]}"
1_0_20240404T022529_20240404T023755_T51QTF,Broadleaf,2024-04-04,S2_NDMI,-0.03232900813723332,"{""type"":""MultiPoint"",""coordinates"":[]}"
1_0_20240419T022531_20240419T023421_T50QRL,Broadleaf,2024-04-19,S2_NDMI,-0.014333746239603602,"{""type"":""MultiPoint"",""coordinates"":[]}"
1_0_20240419T022531_20240419T023421_T51QTF,Broadleaf,2024-04-19,S2_NDMI,-0.01996370235934666,"{""type"":""MultiPoint"",""coordinates"":[]}"
1_0_20240419T022531_20240419T024123_T50QRL,Broadleaf,2024-04-19,S2_NDMI,-0.005186721991701249,"{""type"":""MultiPoint"",""coordinates"":[]}"
1_0_20240419T022531_20240419T024123_T51QTF,Broadleaf,2024-04-19,S2_NDMI,-0.01157201353035429,"{""type"":""MultiPoint"",""coordinates"":[]}"
1_0_20240504T022529_20240504T023758_T50QRL,Broadleaf,2024-05-04,S2_NDMI,-0.04444950991565988,"{""type"":""MultiPoint"",""coordinates"":[]}"
1_0_20240504T022529_20240504T023758_T51QTF,Broadleaf,2024-05-04,S2_NDMI,-0.03256445047489823,"{""type"":""MultiPoint"",""coordinates"":[]}"
1_0_20240618T022551_20240618T023635_T50QRL,Broadleaf,2024-06-18,S2_NDMI,0.024335031126202594,"{""type"":""MultiPoint"",""coordinates"":[]}"
1_0_20240618T022551_20240618T023635_T51QTF,Broadleaf,2024-06-18,S2_NDMI,0.03483217226092458,"{""type"":""MultiPoint"",""coordinates"":[]}"
1_0_20240628T022551_20240628T024042_T50QRL,Broadleaf,2024-06-28,S2_NDMI,-0.03277990634312473,"{""type"":""MultiPoint"",""coordinates"":[]}"
1_0_20240628T022551_20240628T024042_T51QTF,Broadleaf,2024-06-28,S2_NDMI,-0.01038795844816624,"{""type"":""MultiPoint"",""coordinates"":[]}"
1_0_20240703T022539_20240703T023801_T50QRL,Broadleaf,2024-07-03,S2_NDMI,0.0212467896334345,"{""type"":""MultiPoint"",""coordinates"":[]}"
1_0_20240703T022539_20240703T023801_T51QTF,Broadleaf,2024-07-03,S2_NDMI,0.03855922419764487,"{""type"":""MultiPoint"",""coordinates"":[]}"
1_0_20240708T022551_20240708T023814_T50QRL,Broadleaf,2024-07-08,S2_NDMI,0.016017212526894534,"{""type"":""MultiPoint"",""coordinates"":[]}"
1_0_20240708T022551_20240708T023814_T51QTF,Broadleaf,2024-07-08,S2_NDMI,0.03736991485335859,"{""type"":""MultiPoint"",""coordinates"":[]}"
1_0_20240713T022529_20240713T023759_T50QRL,Broadleaf,2024-07-13,S2_NDMI,0.07817519811522805,"{""type"":""MultiPoint"",""coordinates"":[]}"
1_0_20240718T022551_20240718T023811_T50QRL,Broadleaf,2024-07-18,S2_NDMI,-0.009713338071547074,"{""type"":""MultiPoint"",""coordinates"":[]}"
1_0_20240718T022551_20240718T023811_T51QTF,Broadleaf,2024-07-18,S2_NDMI,0.003551977267345492,"{""type"":""MultiPoint"",""coordinates"":[]}"
1_0_20240723T022539_20240723T023800_T50QRL,Broadleaf,2024-07-23,S2_NDMI,0.012913110089735148,"{""type"":""MultiPoint"",""coordinates"":[]}"
1_0_20240723T022539_20240723T023800_T51QTF,Broadleaf,2024-07-23,S2_NDMI,0.03222977417233061,"{""type"":""MultiPoint"",""coordinates"":[]}"
1_0_20240728T022531_20240728T023727_T50QRL,Broadleaf,2024-07-28,S2_NDMI,0.03247058823529413,"{""type"":""MultiPoint"",""coordinates"":[]}"
1_0_20240728T022531_20240728T023727_T51QTF,Broadleaf,2024-07-28,S2_NDMI,0.06090461262875056,"{""type"":""MultiPoint"",""coordinates"":[]}"
1_0_20240802T022529_20240802T023418_T50QRL,Broadleaf,2024-08-02,S2_NDMI,0.07934609250398723,"{""type"":""MultiPoint"",""coordinates"":[]}"
1_0_20240802T022529_20240802T023418_T51QTF,Broadleaf,2024-08-02,S2_NDMI,0.11455345190284945,"{""type"":""MultiPoint"",""coordinates"":[]}"
1_0_20240802T022529_20240802T024120_T50QRL,Broadleaf,2024-08-02,S2_NDMI,0.07373920032147877,"{""type"":""MultiPoint"",""coordinates"":[]}"
1_0_20240802T022529_20240802T024120_T51QTF,Broadleaf,2024-08-02,S2_NDMI,0.10935695032730075,"{""type"":""MultiPoint"",""coordinates"":[]}"
1_0_20240812T022539_20240812T023728_T50QRL,Broadleaf,2024-08-12,S2_NDMI,0.12164045391200481,"{""type"":""MultiPoint"",""coordinates"":[]}"
1_0_20240812T022539_20240812T023728_T51QTF,Broadleaf,2024-08-12,S2_NDMI,0.16031411606971843,"{""type"":""MultiPoint"",""coordinates"":[]}"
1_0_20240822T022529_20240822T023724_T50QRL,Broadleaf,2024-08-22,S2_NDMI,0.1163589523400601,"{""type"":""MultiPoint"",""coordinates"":[]}"
1_0_20240822T022529_20240822T023724_T51QTF,Broadleaf,2024-08-22,S2_NDMI,0.15925925925925927,"{""type"":""MultiPoint"",""coordinates"":[]}"
1_0_20240901T022539_20240901T023727_T50QRL,Broadleaf,2024-09-01,S2_NDMI,0.14634687985787248,"{""type"":""MultiPoint"",""coordinates"":[]}"
1_0_20240901T022539_20240901T023727_T51QTF,Broadleaf,2024-09-01,S2_NDMI,0.19334456613310866,"{""type"":""MultiPoint"",""coordinates"":[]}"
1_0_20240906T022531_20240906T023728_T50QRL,Broadleaf,2024-09-06,S2_NDMI,0.1547881951415379,"{""type"":""MultiPoint"",""coordinates"":[]}"
1_0_20240906T022531_20240906T023728_T51QTF,Broadleaf,2024-09-06,S2_NDMI,0.20478723404255317,"{""type"":""MultiPoint"",""coordinates"":[]}"
1_0_20240911T022529_20240911T023726_T50QRL,Broadleaf,2024-09-11,S2_NDMI,0.26866505306274435,"{""type"":""MultiPoint"",""coordinates"":[]}"
1_0_20240911T022529_20240911T023726_T51QTF,Broadleaf,2024-09-11,S2_NDMI,0.3094611198876602,"{""type"":""MultiPoint"",""coordinates"":[]}"
1_0_20240926T022531_20240926T023759_T50QRL,Broadleaf,2024-09-26,S2_NDMI,0.08302919708029194,"{""type"":""MultiPoint"",""coordinates"":[]}"
1_0_20240926T022531_20240926T023759_T51QTF,Broadleaf,2024-09-26,S2_NDMI,0.12397408207343409,"{""type"":""MultiPoint"",""coordinates"":[]}"
1_0_20241110T022829_20241110T024052_T50QRL,Broadleaf,2024-11-10,S2_NDMI,0.14616497829233,"{""type"":""MultiPoint"",""coordinates"":[]}"
1_0_20241110T022829_20241110T024052_T51QTF,Broadleaf,2024-11-10,S2_NDMI,0.19503245836861416,"{""type"":""MultiPoint"",""coordinates"":[]}"
1_0_20241130T022949_20241130T022952_T50QRL,Broadleaf,2024-11-30,S2_NDMI,0.07220312086749535,"{""type"":""MultiPoint"",""coordinates"":[]}"
1_0_20241130T022949_20241130T022952_T51QTF,Broadleaf,2024-11-30,S2_NDMI,0.10467479674796751,"{""type"":""MultiPoint"",""coordinates"":[]}"
1_0_20241205T023101_20241205T023059_T50QRL,Broadleaf,2024-12-05,S2_NDMI,0.142792691179788,"{""type"":""MultiPoint"",""coordinates"":[]}"
1_0_20241205T023101_20241205T023059_T51QTF,Broadleaf,2024-12-05,S2_NDMI,0.1990662139219015,"{""type"":""MultiPoint"",""coordinates"":[]}"
1_0_20241210T023019_20241210T023016_T50QRL,Broadleaf,2024-12-10,S2_NDMI,0.2302143008699342,"{""type"":""MultiPoint"",""coordinates"":[]}"
1_0_20241210T023019_20241210T023016_T51QTF,Broadleaf,2024-12-10,S2_NDMI,0.2705458908218356,"{""type"":""MultiPoint"",""coordinates"":[]}"
1_0_20241215T023121_20241215T023116_T50QRL,Broadleaf,2024-12-15,S2_NDMI,0.16174582798459564,"{""type"":""MultiPoint"",""coordinates"":[]}"
1_0_20241215T023121_20241215T023116_T51QTF,Broadleaf,2024-12-15,S2_NDMI,0.2113184828416616,"{""type"":""MultiPoint"",""coordinates"":[]}"
1_0_20241215T023141_20241215T023144_T50QRL,Broadleaf,2024-12-15,S2_NDMI,0.13675783855903942,"{""type"":""MultiPoint"",""coordinates"":[]}"
1_0_20241215T023141_20241215T023144_T51QTF,Broadleaf,2024-12-15,S2_NDMI,0.1619718309859155,"{""type"":""MultiPoint"",""coordinates"":[]}"
1_0_20241220T023029_20241220T023932_T50QRL,Broadleaf,2024-12-20,S2_NDMI,0.06386651323360183,"{""type"":""MultiPoint"",""coordinates"":[]}"
1_0_20241220T023029_20241220T023932_T51QTF,Broadleaf,2024-12-20,S2_NDMI,0.11045576407506706,"{""type"":""MultiPoint"",""coordinates"":[]}"
1_0_20241230T023019_20241230T023021_T50QRL,Broadleaf,2024-12-30,S2_NDMI,0.13119285562406974,"{""type"":""MultiPoint"",""coordinates"":[]}"
1_0_20241230T023019_20241230T023021_T51QTF,Broadleaf,2024-12-30,S2_NDMI,0.16148940547212506,"{""type"":""MultiPoint"",""coordinates"":[]}"
1_1_20230105T023111_20230105T023756_T51QUG,Conifer,2023-01-05,S2_NDMI,0.407942238267148,"{""type"":""MultiPoint"",""coordinates"":[]}"
1_1_20230115T023041_20230115T023728_T51QUG,Conifer,2023-01-15,S2_NDMI,0.39241516966067863,"{""type"":""MultiPoint"",""coordinates"":[]}"
1_1_20230120T023019_20230120T023711_T51QUG,Conifer,2023-01-20,S2_NDMI,0.39853479853479845,"{""type"":""MultiPoint"",""coordinates"":[]}"
1_1_20230125T023001_20230125T023649_T51QUG,Conifer,2023-01-25,S2_NDMI,0.37453338863542096,"{""type"":""MultiPoint"",""coordinates"":[]}"
1_1_20230130T022939_20230130T023625_T51QUG,Conifer,2023-01-30,S2_NDMI,0.4184823441021788,"{""type"":""MultiPoint"",""coordinates"":[]}"
1_1_20230204T022911_20230204T023600_T51QUG,Conifer,2023-02-04,S2_NDMI,0.35751295336787564,"{""type"":""MultiPoint"",""coordinates"":[]}"
1_1_20230209T022839_20230209T023531_T51QUG,Conifer,2023-02-09,S2_NDMI,0.359621451104101,"{""type"":""MultiPoint"",""coordinates"":[]}"
1_1_20230219T022739_20230219T023549_T51QUG,Conifer,2023-02-19,S2_NDMI,0.3468958260259558,"{""type"":""MultiPoint"",""coordinates"":[]}"
1_1_20230224T022701_20230224T023934_T51QUG,Conifer,2023-02-24,S2_NDMI,0.3701250919793967,"{""type"":""MultiPoint"",""coordinates"":[]}"
1_1_20230301T022629_20230301T023903_T51QUG,Conifer,2023-03-01,S2_NDMI,0.38063614120936734,"{""type"":""MultiPoint"",""coordinates"":[]}"
1_1_20230306T022551_20230306T023822_T51QUG,Conifer,2023-03-06,S2_NDMI,0.36201239518775064,"{""type"":""MultiPoint"",""coordinates"":[]}"
1_1_20230311T022539_20230311T023347_T51QUG,Conifer,2023-03-11,S2_NDMI,0.3684577808792743,"{""type"":""MultiPoint"",""coordinates"":[]}"
1_1_20230316T022531_20230316T023801_T51QUG,Conifer,2023-03-16,S2_NDMI,0.29147982062780264,"{""type"":""MultiPoint"",""coordinates"":[]}"
1_1_20230410T022529_20230410T023805_T51QUG,Conifer,2023-04-10,S2_NDMI,0.3244444444444445,"{""type"":""MultiPoint"",""coordinates"":[]}"
1_1_20230505T022531_20230505T023758_T51QUG,Conifer,2023-05-05,S2_NDMI,0.25133354251647316,"{""type"":""MultiPoint"",""coordinates"":[]}"
1_1_20230510T022529_20230510T023806_T51QUG,Conifer,2023-05-10,S2_NDMI,0.27060198714202227,"{""type"":""MultiPoint"",""coordinates"":[]}"
1_1_20230619T022539_20230619T023805_T51QUG,Conifer,2023-06-19,S2_NDMI,0.1689528270324523,"{""type"":""MultiPoint"",""coordinates"":[]}"
1_1_20230624T022531_20230624T023804_T51QUG,Conifer,2023-06-24,S2_NDMI,0.2375348405078972,"{""type"":""MultiPoint"",""coordinates"":[]}"
1_1_20230629T022539_20230629T023805_T51QUG,Conifer,2023-06-29,S2_NDMI,0.23971559167089895,"{""type"":""MultiPoint"",""coordinates"":[]}"
1_1_20230714T022541_20230714T023722_T51QUG,Conifer,2023-07-14,S2_NDMI,0.17711700064641245,"{""type"":""MultiPoint"",""coordinates"":[]}"
1_1_20230724T022541_20230724T023805_T51QUG,Conifer,2023-07-24,S2_NDMI,0.261833829857663,"{""type"":""MultiPoint"",""coordinates"":[]}"
1_1_20230813T022551_20230813T023121_T51QUG,Conifer,2023-08-13,S2_NDMI,0.3163795460760186,"{""type"":""MultiPoint"",""coordinates"":[]}"
1_1_20230912T022541_20230912T023103_T51QUG,Conifer,2023-09-12,S2_NDMI,0.3226256983240224,"{""type"":""MultiPoint"",""coordinates"":[]}"
1_1_20230917T022539_20230917T023032_T51QUG,Conifer,2023-09-17,S2_NDMI,0.052917232021709636,"{""type"":""MultiPoint"",""coordinates"":[]}"
1_1_20230922T022531_20230922T023802_T51QUG,Conifer,2023-09-22,S2_NDMI,0.3173298257152252,"{""type"":""MultiPoint"",""coordinates"":[]}"
1_1_20231002T022531_20231002T023802_T51QUG,Conifer,2023-10-02,S2_NDMI,0.30476542297746584,"{""type"":""MultiPoint"",""coordinates"":[]}"
1_1_20231012T022621_20231012T023853_T51QUG,Conifer,2023-10-12,S2_NDMI,0.3117076808351977,"{""type"":""MultiPoint"",""coordinates"":[]}"
1_1_20231121T023011_20231121T023934_T51QUG,Conifer,2023-11-21,S2_NDMI,0.33053691275167785,"{""type"":""MultiPoint"",""coordinates"":[]}"
1_1_20231126T023029_20231126T023716_T51QUG,Conifer,2023-11-26,S2_NDMI,0.3524046434494195,"{""type"":""MultiPoint"",""coordinates"":[]}"
1_1_20231211T023101_20231211T023104_T51QUG,Conifer,2023-12-11,S2_NDMI,0.31312256388046783,"{""type"":""MultiPoint"",""coordinates"":[]}"
1_1_20231216T023119_20231216T023115_T51QUG,Conifer,2023-12-16,S2_NDMI,0.3055555555555556,"{""type"":""MultiPoint"",""coordinates"":[]}"
1_1_20231226T023119_20231226T023119_T51QUG,Conifer,2023-12-26,S2_NDMI,0.29986307622090363,"{""type"":""MultiPoint"",""coordinates"":[]}"
1_1_20240105T023109_20240105T023106_T51QUG,Conifer,2024-01-05,S2_NDMI,0.30702118820108015,"{""type"":""MultiPoint"",""coordinates"":[]}"
1_1_20240110T023051_20240110T023051_T51QUG,Conifer,2024-01-10,S2_NDMI,0.3033707865168539,"{""type"":""MultiPoint"",""coordinates"":[]}"
1_1_20240115T023039_20240115T023731_T51QUG,Conifer,2024-01-15,S2_NDMI,0.30522902310498584,"{""type"":""MultiPoint"",""coordinates"":[]}"
1_1_20240120T023021_20240120T023015_T51QUG,Conifer,2024-01-20,S2_NDMI,0.2993421052631579,"{""type"":""MultiPoint"",""coordinates"":[]}"
1_1_20240130T022931_20240130T022934_T51QUG,Conifer,2024-01-30,S2_NDMI,0.28523769808173477,"{""type"":""MultiPoint"",""coordinates"":[]}"
1_1_20240204T022909_20240204T022911_T51QUG,Conifer,2024-02-04,S2_NDMI,0.28593996840442343,"{""type"":""MultiPoint"",""coordinates"":[]}"
1_1_20240214T022819_20240214T024040_T51QUG,Conifer,2024-02-14,S2_NDMI,0.28967642526964554,"{""type"":""MultiPoint"",""coordinates"":[]}"
1_1_20240224T022709_20240224T023932_T51QUG,Conifer,2024-02-24,S2_NDMI,0.2772494513533285,"{""type"":""MultiPoint"",""coordinates"":[]}"
1_1_20240229T022631_20240229T023858_T51QUG,Conifer,2024-02-29,S2_NDMI,0.29558874609239316,"{""type"":""MultiPoint"",""coordinates"":[]}"
1_1_20240305T022549_20240305T023818_T51QUG,Conifer,2024-03-05,S2_NDMI,0.3087802003535651,"{""type"":""MultiPoint"",""coordinates"":[]}"
1_1_20240320T022531_20240320T023758_T51QUG,Conifer,2024-03-20,S2_NDMI,0.13766871165644176,"{""type"":""MultiPoint"",""coordinates"":[]}"
1_1_20240325T022529_20240325T023758_T51QUG,Conifer,2024-03-25,S2_NDMI,0.26522462562396004,"{""type"":""MultiPoint"",""coordinates"":[]}"
1_1_20240404T022529_20240404T023755_T51QUG,Conifer,2024-04-04,S2_NDMI,0.26533127889060093,"{""type"":""MultiPoint"",""coordinates"":[]}"
1_1_20240414T022529_20240414T023758_T51QUG,Conifer,2024-04-14,S2_NDMI,0.24386549530445323,"{""type"":""MultiPoint"",""coordinates"":[]}"
1_1_20240628T022551_20240628T024042_T51QUG,Conifer,2024-06-28,S2_NDMI,0.1543108182317408,"{""type"":""MultiPoint"",""coordinates"":[]}"
1_1_20240703T022539_20240703T023801_T51QUG,Conifer,2024-07-03,S2_NDMI,0.25104602510460255,"{""type"":""MultiPoint"",""coordinates"":[]}"
1_1_20240713T022529_20240713T023759_T51QUG,Conifer,2024-07-13,S2_NDMI,0.25679583574320414,"{""type"":""MultiPoint"",""coordinates"":[]}"
1_1_20240718T022551_20240718T023811_T51QUG,Conifer,2024-07-18,S2_NDMI,0.2508422664624808,"{""type"":""MultiPoint"",""coordinates"":[]}"
1_1_20240822T022529_20240822T023724_T51QUG,Conifer,2024-08-22,S2_NDMI,0.32106824925816024,"{""type"":""MultiPoint"",""coordinates"":[]}"
1_1_20240827T022531_20240827T023722_T51QUG,Conifer,2024-08-27,S2_NDMI,0.3191489361702128,"{""type"":""MultiPoint"",""coordinates"":[]}"
1_1_20240901T022539_20240901T023727_T51QUG,Conifer,2024-09-01,S2_NDMI,0.34853062345509483,"{""type"":""MultiPoint"",""coordinates"":[]}"
1_1_20240926T022531_20240926T023759_T51QUG,Conifer,2024-09-26,S2_NDMI,0.3518628030751035,"{""type"":""MultiPoint"",""coordinates"":[]}"
1_1_20241006T022551_20241006T023816_T51QUG,Conifer,2024-10-06,S2_NDMI,0.36242774566473995,"{""type"":""MultiPoint"",""coordinates"":[]}"
1_1_20241016T022701_20241016T022909_T51QUG,Conifer,2024-10-16,S2_NDMI,0.3320079522862823,"{""type"":""MultiPoint"",""coordinates"":[]}"
1_1_20241021T022639_20241021T023904_T51QUG,Conifer,2024-10-21,S2_NDMI,0.3686440677966102,"{""type"":""MultiPoint"",""coordinates"":[]}"
1_1_20241105T022901_20241105T022856_T51QUG,Conifer,2024-11-05,S2_NDMI,0.3698630136986301,"{""type"":""MultiPoint"",""coordinates"":[]}"
1_1_20241110T022829_20241110T024052_T51QUG,Conifer,2024-11-10,S2_NDMI,0.36343930635838156,"{""type"":""MultiPoint"",""coordinates"":[]}"
1_1_20241130T022949_20241130T022952_T51QUG,Conifer,2024-11-30,S2_NDMI,0.34642032332563505,"{""type"":""MultiPoint"",""coordinates"":[]}"
1_1_20241205T023101_20241205T023059_T51QUG,Conifer,2024-12-05,S2_NDMI,0.38472834067547723,"{""type"":""MultiPoint"",""coordinates"":[]}"
1_1_20241210T023019_20241210T023016_T51QUG,Conifer,2024-12-10,S2_NDMI,0.38859315589353616,"{""type"":""MultiPoint"",""coordinates"":[]}"
1_1_20241215T023121_20241215T023116_T51QUG,Conifer,2024-12-15,S2_NDMI,0.3768172888015717,"{""type"":""MultiPoint"",""coordinates"":[]}"
1_1_20241220T023029_20241220T023932_T51QUG,Conifer,2024-12-20,S2_NDMI,0.36247174076865113,"{""type"":""MultiPoint"",""coordinates"":[]}"
1_1_20241225T023121_20241225T024044_T51QUG,Conifer,2024-12-25,S2_NDMI,0.2906530089628681,"{""type"":""MultiPoint"",""coordinates"":[]}"
1_1_20241230T023019_20241230T023021_T51QUG,Conifer,2024-12-30,S2_NDMI,0.366852886405959,"{""type"":""MultiPoint"",""coordinates"":[]}"
1_2_20230105T023111_20230105T023756_T50QRM,Bamboo,2023-01-05,S2_NDMI,0.3136123136123137,"{""type"":""MultiPoint"",""coordinates"":[]}"
1_2_20230105T023111_20230105T023756_T51QTG,Bamboo,2023-01-05,S2_NDMI,0.2968787805468183,"{""type"":""MultiPoint"",""coordinates"":[]}"
1_2_20230115T023041_20230115T023728_T50QRM,Bamboo,2023-01-15,S2_NDMI,0.2648599407879754,"{""type"":""MultiPoint"",""coordinates"":[]}"
1_2_20230115T023041_20230115T023728_T51QTG,Bamboo,2023-01-15,S2_NDMI,0.24035046175704483,"{""type"":""MultiPoint"",""coordinates"":[]}"
1_2_20230130T022939_20230130T023625_T50QRM,Bamboo,2023-01-30,S2_NDMI,0.2487033835514942,"{""type"":""MultiPoint"",""coordinates"":[]}"
1_2_20230130T022939_20230130T023625_T51QTG,Bamboo,2023-01-30,S2_NDMI,0.27281460134486074,"{""type"":""MultiPoint"",""coordinates"":[]}"
1_2_20230204T022911_20230204T023600_T50QRM,Bamboo,2023-02-04,S2_NDMI,0.23705463182897865,"{""type"":""MultiPoint"",""coordinates"":[]}"
1_2_20230204T022911_20230204T023600_T51QTG,Bamboo,2023-02-04,S2_NDMI,0.19970774476376035,"{""type"":""MultiPoint"",""coordinates"":[]}"
1_2_20230209T022839_20230209T023531_T50QRM,Bamboo,2023-02-09,S2_NDMI,0.22932240173619486,"{""type"":""MultiPoint"",""coordinates"":[]}"
1_2_20230209T022839_20230209T023531_T51QTG,Bamboo,2023-02-09,S2_NDMI,0.22442972774098605,"{""type"":""MultiPoint"",""coordinates"":[]}"
1_2_20230224T022701_20230224T023934_T50QRM,Bamboo,2023-02-24,S2_NDMI,0.212636695018226,"{""type"":""MultiPoint"",""coordinates"":[]}"
1_2_20230224T022701_20230224T023934_T51QTG,Bamboo,2023-02-24,S2_NDMI,0.1884968583856936,"{""type"":""MultiPoint"",""coordinates"":[]}"
1_2_20230301T022629_20230301T023903_T50QRM,Bamboo,2023-03-01,S2_NDMI,0.16741182314952804,"{""type"":""MultiPoint"",""coordinates"":[]}"
1_2_20230301T022629_20230301T023903_T51QTG,Bamboo,2023-03-01,S2_NDMI,0.22279792746113988,"{""type"":""MultiPoint"",""coordinates"":[]}"
1_2_20230306T022551_20230306T023822_T50QRM,Bamboo,2023-03-06,S2_NDMI,0.19563152896486236,"{""type"":""MultiPoint"",""coordinates"":[]}"
1_2_20230306T022551_20230306T023822_T51QTG,Bamboo,2023-03-06,S2_NDMI,0.1909641360037261,"{""type"":""MultiPoint"",""coordinates"":[]}"
1_2_20230311T022539_20230311T023347_T50QRM,Bamboo,2023-03-11,S2_NDMI,0.19363057324840763,"{""type"":""MultiPoint"",""coordinates"":[]}"
1_2_20230311T022539_20230311T023347_T51QTG,Bamboo,2023-03-11,S2_NDMI,0.17052270779777207,"{""type"":""MultiPoint"",""coordinates"":[]}"
1_2_20230321T022529_20230321T023806_T50QRM,Bamboo,2023-03-21,S2_NDMI,0.09405255878284924,"{""type"":""MultiPoint"",""coordinates"":[]}"
1_2_20230321T022529_20230321T023806_T51QTG,Bamboo,2023-03-21,S2_NDMI,0.10094274545872613,"{""type"":""MultiPoint"",""coordinates"":[]}"
1_2_20230410T022529_20230410T023805_T50QRM,Bamboo,2023-04-10,S2_NDMI,0.10603964960811438,"{""type"":""MultiPoint"",""coordinates"":[]}"
1_2_20230410T022529_20230410T023805_T51QTG,Bamboo,2023-04-10,S2_NDMI,0.0914826498422713,"{""type"":""MultiPoint"",""coordinates"":[]}"
1_2_20230505T022531_20230505T023758_T50QRM,Bamboo,2023-05-05,S2_NDMI,0.30765115034777957,"{""type"":""MultiPoint"",""coordinates"":[]}"
1_2_20230505T022531_20230505T023758_T51QTG,Bamboo,2023-05-05,S2_NDMI,0.3112280701754386,"{""type"":""MultiPoint"",""coordinates"":[]}"
1_2_20230520T022539_20230520T023805_T50QRM,Bamboo,2023-05-20,S2_NDMI,0.31784759358288767,"{""type"":""MultiPoint"",""coordinates"":[]}"
1_2_20230520T022539_20230520T023805_T51QTG,Bamboo,2023-05-20,S2_NDMI,0.3150220413699559,"{""type"":""MultiPoint"",""coordinates"":[]}"
1_2_20230525T022531_20230525T023627_T50QRM,Bamboo,2023-05-25,S2_NDMI,0.26684137505780786,"{""type"":""MultiPoint"",""coordinates"":[]}"
1_2_20230525T022531_20230525T023627_T51QTG,Bamboo,2023-05-25,S2_NDMI,0.2549079754601227,"{""type"":""MultiPoint"",""coordinates"":[]}"
1_2_20230530T022539_20230530T023804_T50QRM,Bamboo,2023-05-30,S2_NDMI,0.27147766323024053,"{""type"":""MultiPoint"",""coordinates"":[]}"
1_2_20230530T022539_20230530T023804_T51QTG,Bamboo,2023-05-30,S2_NDMI,0.26270235614681836,"{""type"":""MultiPoint"",""coordinates"":[]}"
1_2_20230619T022539_20230619T023805_T50QRM,Bamboo,2023-06-19,S2_NDMI,0.33110243539691386,"{""type"":""MultiPoint"",""coordinates"":[]}"
1_2_20230619T022539_20230619T023805_T51QTG,Bamboo,2023-06-19,S2_NDMI,0.3252784595053804,"{""type"":""MultiPoint"",""coordinates"":[]}"
1_2_20230624T022531_20230624T023804_T50QRM,Bamboo,2023-06-24,S2_NDMI,0.326433661350526,"{""type"":""MultiPoint"",""coordinates"":[]}"
1_2_20230624T022531_20230624T023804_T51QTG,Bamboo,2023-06-24,S2_NDMI,0.31847348868625464,"{""type"":""MultiPoint"",""coordinates"":[]}"
1_2_20230629T022539_20230629T023805_T50QRM,Bamboo,2023-06-29,S2_NDMI,0.34272863568215883,"{""type"":""MultiPoint"",""coordinates"":[]}"
1_2_20230629T022539_20230629T023805_T51QTG,Bamboo,2023-06-29,S2_NDMI,0.33423545331529086,"{""type"":""MultiPoint"",""coordinates"":[]}"
1_2_20230704T022541_20230704T023805_T50QRM,Bamboo,2023-07-04,S2_NDMI,0.32515337423312884,"{""type"":""MultiPoint"",""coordinates"":[]}"
1_2_20230704T022541_20230704T023805_T51QTG,Bamboo,2023-07-04,S2_NDMI,0.322311172989906,"{""type"":""MultiPoint"",""coordinates"":[]}"
1_2_20230709T022539_20230709T023805_T50QRM,Bamboo,2023-07-09,S2_NDMI,0.3671119299861815,"{""type"":""MultiPoint"",""coordinates"":[]}"
1_2_20230709T022539_20230709T023805_T51QTG,Bamboo,2023-07-09,S2_NDMI,0.3712990936555891,"{""type"":""MultiPoint"",""coordinates"":[]}"
1_2_20230719T022539_20230719T023806_T50QRM,Bamboo,2023-07-19,S2_NDMI,0.3049370764762826,"{""type"":""MultiPoint"",""coordinates"":[]}"
1_2_20230719T022539_20230719T023806_T51QTG,Bamboo,2023-07-19,S2_NDMI,0.2984927916120576,"{""type"":""MultiPoint"",""coordinates"":[]}"
1_2_20230828T022539_20230828T023034_T50QRM,Bamboo,2023-08-28,S2_NDMI,0.386352637522181,"{""type"":""MultiPoint"",""coordinates"":[]}"
1_2_20230828T022539_20230828T023034_T51QTG,Bamboo,2023-08-28,S2_NDMI,0.3816631130063966,"{""type"":""MultiPoint"",""coordinates"":[]}"
1_2_20230922T022531_20230922T023802_T50QRM,Bamboo,2023-09-22,S2_NDMI,0.3565773959912414,"{""type"":""MultiPoint"",""coordinates"":[]}"
1_2_20230922T022531_20230922T023802_T51QTG,Bamboo,2023-09-22,S2_NDMI,0.3488767869298843,"{""type"":""MultiPoint"",""coordinates"":[]}"
1_2_20231002T022531_20231002T023802_T50QRM,Bamboo,2023-10-02,S2_NDMI,0.37252267383271753,"{""type"":""MultiPoint"",""coordinates"":[]}"
1_2_20231002T022531_20231002T023802_T51QTG,Bamboo,2023-10-02,S2_NDMI,0.3689039932030586,"{""type"":""MultiPoint"",""coordinates"":[]}"
1_2_20231022T022731_20231022T024000_T50QRM,Bamboo,2023-10-22,S2_NDMI,0.3711624698171784,"{""type"":""MultiPoint"",""coordinates"":[]}"
1_2_20231022T022731_20231022T024000_T51QTG,Bamboo,2023-10-22,S2_NDMI,0.3620199146514936,"{""type"":""MultiPoint"",""coordinates"":[]}"
1_2_20231101T022831_20231101T024100_T50QRM,Bamboo,2023-11-01,S2_NDMI,0.3842845973416732,"{""type"":""MultiPoint"",""coordinates"":[]}"
1_2_20231101T022831_20231101T024100_T51QTG,Bamboo,2023-11-01,S2_NDMI,0.38056680161943324,"{""type"":""MultiPoint"",""coordinates"":[]}"
1_2_20231106T022909_20231106T023554_T50QRM,Bamboo,2023-11-06,S2_NDMI,0.3820067823658488,"{""type"":""MultiPoint"",""coordinates"":[]}"
1_2_20231106T022909_20231106T023554_T51QTG,Bamboo,2023-11-06,S2_NDMI,0.37101877241088377,"{""type"":""MultiPoint"",""coordinates"":[]}"
1_2_20231111T022931_20231111T023851_T50QRM,Bamboo,2023-11-11,S2_NDMI,0.3872901678657075,"{""type"":""MultiPoint"",""coordinates"":[]}"
1_2_20231111T022931_20231111T023851_T51QTG,Bamboo,2023-11-11,S2_NDMI,0.36822273393343097,"{""type"":""MultiPoint"",""coordinates"":[]}"
1_2_20231121T023011_20231121T023934_T50QRM,Bamboo,2023-11-21,S2_NDMI,0.4101275608813297,"{""type"":""MultiPoint"",""coordinates"":[]}"
1_2_20231121T023011_20231121T023934_T51QTG,Bamboo,2023-11-21,S2_NDMI,0.3894609327680194,"{""type"":""MultiPoint"",""coordinates"":[]}"
1_2_20231126T023029_20231126T023716_T50QRM,Bamboo,2023-11-26,S2_NDMI,0.3908788412605207,"{""type"":""MultiPoint"",""coordinates"":[]}"
1_2_20231126T023029_20231126T023716_T51QTG,Bamboo,2023-11-26,S2_NDMI,0.3697841726618705,"{""type"":""MultiPoint"",""coordinates"":[]}"
1_2_20231211T023101_20231211T023104_T50QRM,Bamboo,2023-12-11,S2_NDMI,0.3581998783701602,"{""type"":""MultiPoint"",""coordinates"":[]}"
1_2_20231211T023101_20231211T023104_T51QTG,Bamboo,2023-12-11,S2_NDMI,0.3239683933274802,"{""type"":""MultiPoint"",""coordinates"":[]}"
1_2_20231216T023119_20231216T023115_T50QRM,Bamboo,2023-12-16,S2_NDMI,0.3970173317210802,"{""type"":""MultiPoint"",""coordinates"":[]}"
1_2_20231216T023119_20231216T023115_T51QTG,Bamboo,2023-12-16,S2_NDMI,0.35559410234171723,"{""type"":""MultiPoint"",""coordinates"":[]}"
1_2_20231226T023119_20231226T023119_T50QRM,Bamboo,2023-12-26,S2_NDMI,0.08502415458937193,"{""type"":""MultiPoint"",""coordinates"":[]}"
1_2_20231226T023119_20231226T023119_T51QTG,Bamboo,2023-12-26,S2_NDMI,0.09400244798041621,"{""type"":""MultiPoint"",""coordinates"":[]}"
1_2_20240105T023109_20240105T023106_T50QRM,Bamboo,2024-01-05,S2_NDMI,0.40960334029227563,"{""type"":""MultiPoint"",""coordinates"":[]}"
1_2_20240105T023109_20240105T023106_T51QTG,Bamboo,2024-01-05,S2_NDMI,0.3852225389169042,"{""type"":""MultiPoint"",""coordinates"":[]}"
1_2_20240110T023051_20240110T023051_T50QRM,Bamboo,2024-01-10,S2_NDMI,0.23275121671915255,"{""type"":""MultiPoint"",""coordinates"":[]}"
1_2_20240110T023051_20240110T023051_T51QTG,Bamboo,2024-01-10,S2_NDMI,0.21456052086416094,"{""type"":""MultiPoint"",""coordinates"":[]}"
1_2_20240115T023039_20240115T023731_T50QRM,Bamboo,2024-01-15,S2_NDMI,0.4212614042046807,"{""type"":""MultiPoint"",""coordinates"":[]}"
1_2_20240115T023039_20240115T023731_T51QTG,Bamboo,2024-01-15,S2_NDMI,0.38408602150537635,"{""type"":""MultiPoint"",""coordinates"":[]}"
1_2_20240120T023021_20240120T023015_T50QRM,Bamboo,2024-01-20,S2_NDMI,0.26634877384196187,"{""type"":""MultiPoint"",""coordinates"":[]}"
1_2_20240120T023021_20240120T023015_T51QTG,Bamboo,2024-01-20,S2_NDMI,0.219320703191671,"{""type"":""MultiPoint"",""coordinates"":[]}"
1_2_20240214T022819_20240214T024040_T50QRM,Bamboo,2024-02-14,S2_NDMI,0.3863348797975538,"{""type"":""MultiPoint"",""coordinates"":[]}"
1_2_20240214T022819_20240214T024040_T51QTG,Bamboo,2024-02-14,S2_NDMI,0.3455367231638418,"{""type"":""MultiPoint"",""coordinates"":[]}"
1_2_20240224T022709_20240224T023932_T50QRM,Bamboo,2024-02-24,S2_NDMI,0.34730538922155685,"{""type"":""MultiPoint"",""coordinates"":[]}"
1_2_20240224T022709_20240224T023932_T51QTG,Bamboo,2024-02-24,S2_NDMI,0.31046613896218117,"{""type"":""MultiPoint"",""coordinates"":[]}"
1_2_20240315T022529_20240315T023755_T50QRM,Bamboo,2024-03-15,S2_NDMI,0.21778584392014524,"{""type"":""MultiPoint"",""coordinates"":[]}"
1_2_20240315T022529_20240315T023755_T51QTG,Bamboo,2024-03-15,S2_NDMI,0.20446584938704032,"{""type"":""MultiPoint"",""coordinates"":[]}"
1_2_20240325T022529_20240325T023758_T50QRM,Bamboo,2024-03-25,S2_NDMI,0.18714488636363638,"{""type"":""MultiPoint"",""coordinates"":[]}"
1_2_20240325T022529_20240325T023758_T51QTG,Bamboo,2024-03-25,S2_NDMI,0.17950555356503042,"{""type"":""MultiPoint"",""coordinates"":[]}"
1_2_20240404T022529_20240404T023755_T50QRM,Bamboo,2024-04-04,S2_NDMI,0.2758121249741362,"{""type"":""MultiPoint"",""coordinates"":[]}"
1_2_20240404T022529_20240404T023755_T51QTG,Bamboo,2024-04-04,S2_NDMI,0.2553507098961645,"{""type"":""MultiPoint"",""coordinates"":[]}"
1_2_20240429T022531_20240429T024028_T50QRM,Bamboo,2024-04-29,S2_NDMI,0.39758403361344535,"{""type"":""MultiPoint"",""coordinates"":[]}"
1_2_20240429T022531_20240429T024028_T51QTG,Bamboo,2024-04-29,S2_NDMI,0.38990450204638466,"{""type"":""MultiPoint"",""coordinates"":[]}"
1_2_20240623T022539_20240623T023800_T50QRM,Bamboo,2024-06-23,S2_NDMI,0.35194210604046666,"{""type"":""MultiPoint"",""coordinates"":[]}"
1_2_20240623T022539_20240623T023800_T51QTG,Bamboo,2024-06-23,S2_NDMI,0.35520599250936324,"{""type"":""MultiPoint"",""coordinates"":[]}"
1_2_20240628T022551_20240628T024042_T50QRM,Bamboo,2024-06-28,S2_NDMI,0.34848238922252883,"{""type"":""MultiPoint"",""coordinates"":[]}"
1_2_20240628T022551_20240628T024042_T51QTG,Bamboo,2024-06-28,S2_NDMI,0.35094339622641507,"{""type"":""MultiPoint"",""coordinates"":[]}"
1_2_20240703T022539_20240703T023801_T50QRM,Bamboo,2024-07-03,S2_NDMI,0.3574510454696315,"{""type"":""MultiPoint"",""coordinates"":[]}"
1_2_20240703T022539_20240703T023801_T51QTG,Bamboo,2024-07-03,S2_NDMI,0.3649891322521317,"{""type"":""MultiPoint"",""coordinates"":[]}"
1_2_20240708T022551_20240708T023814_T50QRM,Bamboo,2024-07-08,S2_NDMI,0.3821904452388691,"{""type"":""MultiPoint"",""coordinates"":[]}"
1_2_20240708T022551_20240708T023814_T51QTG,Bamboo,2024-07-08,S2_NDMI,0.3724975385625205,"{""type"":""MultiPoint"",""coordinates"":[]}"
1_2_20240718T022551_20240718T023811_T50QRM,Bamboo,2024-07-18,S2_NDMI,0.4147630147630148,"{""type"":""MultiPoint"",""coordinates"":[]}"
1_2_20240718T022551_20240718T023811_T51QTG,Bamboo,2024-07-18,S2_NDMI,0.3973042362002568,"{""type"":""MultiPoint"",""coordinates"":[]}"
1_2_20240822T022529_20240822T023724_T50QRM,Bamboo,2024-08-22,S2_NDMI,0.37575962187711,"{""type"":""MultiPoint"",""coordinates"":[]}"
1_2_20240822T022529_20240822T023724_T51QTG,Bamboo,2024-08-22,S2_NDMI,0.3801568360040914,"{""type"":""MultiPoint"",""coordinates"":[]}"
1_2_20240827T022531_20240827T023722_T50QRM,Bamboo,2024-08-27,S2_NDMI,0.4613418530351437,"{""type"":""MultiPoint"",""coordinates"":[]}"
1_2_20240827T022531_20240827T023722_T51QTG,Bamboo,2024-08-27,S2_NDMI,0.44685990338164255,"{""type"":""MultiPoint"",""coordinates"":[]}"
1_2_20240901T022539_20240901T023727_T50QRM,Bamboo,2024-09-01,S2_NDMI,0.36964111157659546,"{""type"":""MultiPoint"",""coordinates"":[]}"
1_2_20240901T022539_20240901T023727_T51QTG,Bamboo,2024-09-01,S2_NDMI,0.3611307420494699,"{""type"":""MultiPoint"",""coordinates"":[]}"
1_2_20240906T022531_20240906T023728_T50QRM,Bamboo,2024-09-06,S2_NDMI,0.374758644900825,"{""type"":""MultiPoint"",""coordinates"":[]}"
1_2_20240906T022531_20240906T023728_T51QTG,Bamboo,2024-09-06,S2_NDMI,0.37491090520313614,"{""type"":""MultiPoint"",""coordinates"":[]}"
1_2_20240926T022531_20240926T023759_T50QRM,Bamboo,2024-09-26,S2_NDMI,0.39749390880612606,"{""type"":""MultiPoint"",""coordinates"":[]}"
1_2_20240926T022531_20240926T023759_T51QTG,Bamboo,2024-09-26,S2_NDMI,0.36584461338772484,"{""type"":""MultiPoint"",""coordinates"":[]}"
1_2_20241110T022829_20241110T024052_T50QRM,Bamboo,2024-11-10,S2_NDMI,0.36436849341976035,"{""type"":""MultiPoint"",""coordinates"":[]}"
1_2_20241110T022829_20241110T024052_T51QTG,Bamboo,2024-11-10,S2_NDMI,0.3376261000214638,"{""type"":""MultiPoint"",""coordinates"":[]}"
1_2_20241130T022949_20241130T022952_T50QRM,Bamboo,2024-11-30,S2_NDMI,0.42059672762271416,"{""type"":""MultiPoint"",""coordinates"":[]}"
1_2_20241130T022949_20241130T022952_T51QTG,Bamboo,2024-11-30,S2_NDMI,0.38167006109979634,"{""type"":""MultiPoint"",""coordinates"":[]}"
1_2_20241205T023101_20241205T023059_T50QRM,Bamboo,2024-12-05,S2_NDMI,0.3536257833482543,"{""type"":""MultiPoint"",""coordinates"":[]}"
1_2_20241205T023101_20241205T023059_T51QTG,Bamboo,2024-12-05,S2_NDMI,0.3393116820164808,"{""type"":""MultiPoint"",""coordinates"":[]}"
1_2_20241210T023019_20241210T023016_T50QRM,Bamboo,2024-12-10,S2_NDMI,0.35,"{""type"":""MultiPoint"",""coordinates"":[]}"
1_2_20241210T023019_20241210T023016_T51QTG,Bamboo,2024-12-10,S2_NDMI,0.3223909848113669,"{""type"":""MultiPoint"",""coordinates"":[]}"
1_2_20241215T023121_20241215T023116_T50QRM,Bamboo,2024-12-15,S2_NDMI,0.34451432564640116,"{""type"":""MultiPoint"",""coordinates"":[]}"
1_2_20241215T023121_20241215T023116_T51QTG,Bamboo,2024-12-15,S2_NDMI,0.31981753674607194,"{""type"":""MultiPoint"",""coordinates"":[]}"
1_2_20241215T023141_20241215T023144_T50QRM,Bamboo,2024-12-15,S2_NDMI,0.39662967529798593,"{""type"":""MultiPoint"",""coordinates"":[]}"
1_2_20241215T023141_20241215T023144_T51QTG,Bamboo,2024-12-15,S2_NDMI,0.3663670247752686,"{""type"":""MultiPoint"",""coordinates"":[]}"
1_2_20241220T023029_20241220T023932_T50QRM,Bamboo,2024-12-20,S2_NDMI,0.4325058184639255,"{""type"":""MultiPoint"",""coordinates"":[]}"
1_2_20241220T023029_20241220T023932_T51QTG,Bamboo,2024-12-20,S2_NDMI,0.3881619937694704,"{""type"":""MultiPoint"",""coordinates"":[]}"
2_0_S1A_IW_GRDH_1SDV_20230108T100100_20230108T100129_046691_0598BF_FC4A,Broadleaf,2023-01-08,S1_VH,-19.150579958350608,"{""type"":""MultiPoint"",""coordinates"":[]}"
2_0_S1A_IW_GRDH_1SDV_20230120T100059_20230120T100128_046866_059EA8_54C5,Broadleaf,2023-01-20,S1_VH,-15.202699929233203,"{""type"":""MultiPoint"",""coordinates"":[]}"
2_0_S1A_IW_GRDH_1SDV_20230201T100059_20230201T100128_047041_05A486_959A,Broadleaf,2023-02-01,S1_VH,-13.91414735332998,"{""type"":""MultiPoint"",""coordinates"":[]}"
2_0_S1A_IW_GRDH_1SDV_20230213T100059_20230213T100128_047216_05AA62_A395,Broadleaf,2023-02-13,S1_VH,-19.298661535960655,"{""type"":""MultiPoint"",""coordinates"":[]}"
2_0_S1A_IW_GRDH_1SDV_20230225T100058_20230225T100127_047391_05B059_4A71,Broadleaf,2023-02-25,S1_VH,-17.55974690720865,"{""type"":""MultiPoint"",""coordinates"":[]}"
2_0_S1A_IW_GRDH_1SDV_20230309T100058_20230309T100127_047566_05B642_FEC7,Broadleaf,2023-03-09,S1_VH,-16.993287637382863,"{""type"":""MultiPoint"",""coordinates"":[]}"
2_0_S1A_IW_GRDH_1SDV_20230321T100058_20230321T100127_047741_05BC32_6891,Broadleaf,2023-03-21,S1_VH,-15.929906125586609,"{""type"":""MultiPoint"",""coordinates"":[]}"
2_0_S1A_IW_GRDH_1SDV_20230402T100059_20230402T100128_047916_05C20A_AE8D,Broadleaf,2023-04-02,S1_VH,-15.147671420583517,"{""type"":""MultiPoint"",""coordinates"":[]}"
2_0_S1A_IW_GRDH_1SDV_20230414T100059_20230414T100128_048091_05C7F9_42AE,Broadleaf,2023-04-14,S1_VH,-18.159246147105637,"{""type"":""MultiPoint"",""coordinates"":[]}"
2_0_S1A_IW_GRDH_1SDV_20230426T100100_20230426T100129_048266_05CDD9_DEDE,Broadleaf,2023-04-26,S1_VH,-15.241637623351343,"{""type"":""MultiPoint"",""coordinates"":[]}"
2_0_S1A_IW_GRDH_1SDV_20230508T100100_20230508T100129_048441_05D3B5_5D85,Broadleaf,2023-05-08,S1_VH,-16.478957048241686,"{""type"":""MultiPoint"",""coordinates"":[]}"
2_0_S1A_IW_GRDH_1SDV_20230520T100101_20230520T100130_048616_05D8E5_8A5E,Broadleaf,2023-05-20,S1_VH,-14.007630188299984,"{""type"":""MultiPoint"",""coordinates"":[]}"
2_0_S1A_IW_GRDH_1SDV_20230601T100102_20230601T100131_048791_05DE1B_7197,Broadleaf,2023-06-01,S1_VH,-13.811779410817957,"{""type"":""MultiPoint"",""coordinates"":[]}"
2_0_S1A_IW_GRDH_1SDV_20230613T100102_20230613T100131_048966_05E36F_AE1E,Broadleaf,2023-06-13,S1_VH,-15.692774353188462,"{""type"":""MultiPoint"",""coordinates"":[]}"
2_0_S1A_IW_GRDH_1SDV_20230625T100103_20230625T100132_049141_05E8C4_C762,Broadleaf,2023-06-25,S1_VH,-17.059624328484066,"{""type"":""MultiPoint"",""coordinates"":[]}"
2_0_S1A_IW_GRDH_1SDV_20230707T100104_20230707T100133_049316_05EE26_B091,Broadleaf,2023-07-07,S1_VH,-15.491964850278004,"{""type"":""MultiPoint"",""coordinates"":[]}"
2_0_S1A_IW_GRDH_1SDV_20230719T100104_20230719T100133_049491_05F383_3076,Broadleaf,2023-07-19,S1_VH,-11.67121822244688,"{""type"":""MultiPoint"",""coordinates"":[]}"
2_0_S1A_IW_GRDH_1SDV_20230731T100105_20230731T100134_049666_05F8E6_06E4,Broadleaf,2023-07-31,S1_VH,-14.932203253814631,"{""type"":""MultiPoint"",""coordinates"":[]}"
2_0_S1A_IW_GRDH_1SDV_20230812T100105_20230812T100134_049841_05FE86_18CD,Broadleaf,2023-08-12,S1_VH,-13.698874773072397,"{""type"":""MultiPoint"",""coordinates"":[]}"
2_0_S1A_IW_GRDH_1SDV_20230824T100106_20230824T100135_050016_060479_7103,Broadleaf,2023-08-24,S1_VH,-11.889625091250995,"{""type"":""MultiPoint"",""coordinates"":[]}"
2_0_S1A_IW_GRDH_1SDV_20230905T100107_20230905T100136_050191_060A81_82B4,Broadleaf,2023-09-05,S1_VH,-15.281980022012418,"{""type"":""MultiPoint"",""coordinates"":[]}"
2_0_S1A_IW_GRDH_1SDV_20230917T100108_20230917T100137_050366_06106D_29BE,Broadleaf,2023-09-17,S1_VH,-13.177401214001737,"{""type"":""MultiPoint"",""coordinates"":[]}"
2_0_S1A_IW_GRDH_1SDV_20230929T100108_20230929T100137_050541_06166A_8752,Broadleaf,2023-09-29,S1_VH,-19.07668668115474,"{""type"":""MultiPoint"",""coordinates"":[]}"
2_0_S1A_IW_GRDH_1SDV_20231011T100107_20231011T100136_050716_061C6C_A86F,Broadleaf,2023-10-11,S1_VH,-14.131901733221856,"{""type"":""MultiPoint"",""coordinates"":[]}"
2_0_S1A_IW_GRDH_1SDV_20231023T100108_20231023T100137_050891_062262_93FB,Broadleaf,2023-10-23,S1_VH,-15.196821173564219,"{""type"":""MultiPoint"",""coordinates"":[]}"
2_0_S1A_IW_GRDH_1SDV_20231104T100107_20231104T100136_051066_062861_6587,Broadleaf,2023-11-04,S1_VH,-17.44342271185232,"{""type"":""MultiPoint"",""coordinates"":[]}"
2_0_S1A_IW_GRDH_1SDV_20231116T100107_20231116T100136_051241_062E6C_3D4A,Broadleaf,2023-11-16,S1_VH,-15.43115399912849,"{""type"":""MultiPoint"",""coordinates"":[]}"
2_0_S1A_IW_GRDH_1SDV_20231128T100107_20231128T100136_051416_063479_49D8,Broadleaf,2023-11-28,S1_VH,-13.87743799382449,"{""type"":""MultiPoint"",""coordinates"":[]}"
2_0_S1A_IW_GRDH_1SDV_20231210T100106_20231210T100135_051591_063A8B_A6C1,Broadleaf,2023-12-10,S1_VH,-17.45981556171063,"{""type"":""MultiPoint"",""coordinates"":[]}"
2_0_S1A_IW_GRDH_1SDV_20231222T100105_20231222T100134_051766_0640A4_4FD0,Broadleaf,2023-12-22,S1_VH,-15.322111620643566,"{""type"":""MultiPoint"",""coordinates"":[]}"
2_0_S1A_IW_GRDH_1SDV_20240103T100105_20240103T100134_051941_06469E_EF94,Broadleaf,2024-01-03,S1_VH,-17.506723089558065,"{""type"":""MultiPoint"",""coordinates"":[]}"
2_0_S1A_IW_GRDH_1SDV_20240115T100104_20240115T100133_052116_064C96_C0F3,Broadleaf,2024-01-15,S1_VH,-18.813463253069223,"{""type"":""MultiPoint"",""coordinates"":[]}"
2_0_S1A_IW_GRDH_1SDV_20240127T100104_20240127T100133_052291_065279_4965,Broadleaf,2024-01-27,S1_VH,-16.79789470534424,"{""type"":""MultiPoint"",""coordinates"":[]}"
2_0_S1A_IW_GRDH_1SDV_20240208T100104_20240208T100133_052466_065863_25C8,Broadleaf,2024-02-08,S1_VH,-12.712452581954476,"{""type"":""MultiPoint"",""coordinates"":[]}"
2_0_S1A_IW_GRDH_1SDV_20240220T100103_20240220T100132_052641_065E53_5031,Broadleaf,2024-02-20,S1_VH,-17.03719267909538,"{""type"":""MultiPoint"",""coordinates"":[]}"
2_0_S1A_IW_GRDH_1SDV_20240303T100104_20240303T100133_052816_06644E_0060,Broadleaf,2024-03-03,S1_VH,-14.128191238615312,"{""type"":""MultiPoint"",""coordinates"":[]}"
2_0_S1A_IW_GRDH_1SDV_20240315T100104_20240315T100133_052991_066A4A_8368,Broadleaf,2024-03-15,S1_VH,-20.05446205798374,"{""type"":""MultiPoint"",""coordinates"":[]}"
2_0_S1A_IW_GRDH_1SDV_20240327T100104_20240327T100133_053166_0670FC_224D,Broadleaf,2024-03-27,S1_VH,-15.54267558481917,"{""type"":""MultiPoint"",""coordinates"":[]}"
2_0_S1A_IW_GRDH_1SDV_20240408T100104_20240408T100134_053341_0677CA_7F1D,Broadleaf,2024-04-08,S1_VH,-12.558778689529088,"{""type"":""MultiPoint"",""coordinates"":[]}"
2_0_S1A_IW_GRDH_1SDV_20240420T100105_20240420T100134_053516_067EB1_F31F,Broadleaf,2024-04-20,S1_VH,-15.316426766624677,"{""type"":""MultiPoint"",""coordinates"":[]}"
2_0_S1A_IW_GRDH_1SDV_20240502T100105_20240502T100134_053691_068591_292F,Broadleaf,2024-05-02,S1_VH,-15.978125182765247,"{""type"":""MultiPoint"",""coordinates"":[]}"
2_0_S1A_IW_GRDH_1SDV_20240526T100105_20240526T100134_054041_069205_C556,Broadleaf,2024-05-26,S1_VH,-16.077478465074247,"{""type"":""MultiPoint"",""coordinates"":[]}"
2_0_S1A_IW_GRDH_1SDV_20240607T100104_20240607T100133_054216_069814_E849,Broadleaf,2024-06-07,S1_VH,-13.761943310773898,"{""type"":""MultiPoint"",""coordinates"":[]}"
2_0_S1A_IW_GRDH_1SDV_20240619T100104_20240619T100133_054391_069E21_6AF3,Broadleaf,2024-06-19,S1_VH,-17.068553743808362,"{""type"":""MultiPoint"",""coordinates"":[]}"
2_0_S1A_IW_GRDH_1SDV_20240701T100103_20240701T100132_054566_06A43B_22F1,Broadleaf,2024-07-01,S1_VH,-15.49696728394186,"{""type"":""MultiPoint"",""coordinates"":[]}"
2_0_S1A_IW_GRDH_1SDV_20240713T100103_20240713T100132_054741_06AA4A_A402,Broadleaf,2024-07-13,S1_VH,-12.556107366456482,"{""type"":""MultiPoint"",""coordinates"":[]}"
2_0_S1A_IW_GRDH_1SDV_20240725T100102_20240725T100131_054916_06B064_5B23,Broadleaf,2024-07-25,S1_VH,-13.273433177433155,"{""type"":""MultiPoint"",""coordinates"":[]}"
2_0_S1A_IW_GRDH_1SDV_20240806T100102_20240806T100131_055091_06B672_A833,Broadleaf,2024-08-06,S1_VH,-14.882600968627637,"{""type"":""MultiPoint"",""coordinates"":[]}"
2_0_S1A_IW_GRDH_1SDV_20240818T100103_20240818T100132_055266_06BCCE_F9EE,Broadleaf,2024-08-18,S1_VH,-14.303250966649774,"{""type"":""MultiPoint"",""coordinates"":[]}"
2_0_S1A_IW_GRDH_1SDV_20240830T100103_20240830T100132_055441_06C348_5E53,Broadleaf,2024-08-30,S1_VH,-13.931908870546367,"{""type"":""MultiPoint"",""coordinates"":[]}"
2_0_S1A_IW_GRDH_1SDV_20240911T100103_20240911T100132_055616_06CA1F_F91F,Broadleaf,2024-09-11,S1_VH,-13.617913891017873,"{""type"":""MultiPoint"",""coordinates"":[]}"
2_0_S1A_IW_GRDH_1SDV_20240923T100103_20240923T100133_055791_06D106_B361,Broadleaf,2024-09-23,S1_VH,-13.522647114113154,"{""type"":""MultiPoint"",""coordinates"":[]}"
2_0_S1A_IW_GRDH_1SDV_20241005T100104_20241005T100133_055966_06D7F2_462F,Broadleaf,2024-10-05,S1_VH,-16.886132235355667,"{""type"":""MultiPoint"",""coordinates"":[]}"
2_0_S1A_IW_GRDH_1SDV_20241017T100104_20241017T100133_056141_06DED8_ACAE,Broadleaf,2024-10-17,S1_VH,-15.562268167909751,"{""type"":""MultiPoint"",""coordinates"":[]}"
2_0_S1A_IW_GRDH_1SDV_20241029T100112_20241029T100141_056316_06E5CE_4E4A,Broadleaf,2024-10-29,S1_VH,-17.15627011504208,"{""type"":""MultiPoint"",""coordinates"":[]}"
2_0_S1A_IW_GRDH_1SDV_20241110T100104_20241110T100133_056491_06ECBB_F7D4,Broadleaf,2024-11-10,S1_VH,-14.006818901919512,"{""type"":""MultiPoint"",""coordinates"":[]}"
2_0_S1A_IW_GRDH_1SDV_20241122T100103_20241122T100132_056666_06F3C3_6E0B,Broadleaf,2024-11-22,S1_VH,-15.127932523305843,"{""type"":""MultiPoint"",""coordinates"":[]}"
2_0_S1A_IW_GRDH_1SDV_20241204T100102_20241204T100131_056841_06FAAF_65F0,Broadleaf,2024-12-04,S1_VH,-15.79547884723343,"{""type"":""MultiPoint"",""coordinates"":[]}"
2_0_S1A_IW_GRDH_1SDV_20241216T100101_20241216T100130_057016_07019C_A9BB,Broadleaf,2024-12-16,S1_VH,-17.66613343970372,"{""type"":""MultiPoint"",""coordinates"":[]}"
2_0_S1A_IW_GRDH_1SDV_20241228T100100_20241228T100129_057191_070889_EF45,Broadleaf,2024-12-28,S1_VH,-18.155589862561314,"{""type"":""MultiPoint"",""coordinates"":[]}"
2_1_S1A_IW_GRDH_1SDV_20230108T100129_20230108T100154_046691_0598BF_0F3C,Conifer,2023-01-08,S1_VH,-23.78551061048995,"{""type"":""MultiPoint"",""coordinates"":[]}"
2_1_S1A_IW_GRDH_1SDV_20230120T100128_20230120T100153_046866_059EA8_1174,Conifer,2023-01-20,S1_VH,-21.56811530745294,"{""type"":""MultiPoint"",""coordinates"":[]}"
2_1_S1A_IW_GRDH_1SDV_20230201T100128_20230201T100153_047041_05A486_12B5,Conifer,2023-02-01,S1_VH,-24.337570332493875,"{""type"":""MultiPoint"",""coordinates"":[]}"
2_1_S1A_IW_GRDH_1SDV_20230213T100128_20230213T100153_047216_05AA62_E83B,Conifer,2023-02-13,S1_VH,-18.87646179682172,"{""type"":""MultiPoint"",""coordinates"":[]}"
2_1_S1A_IW_GRDH_1SDV_20230225T100127_20230225T100152_047391_05B059_068C,Conifer,2023-02-25,S1_VH,-16.70039827639254,"{""type"":""MultiPoint"",""coordinates"":[]}"
2_1_S1A_IW_GRDH_1SDV_20230309T100127_20230309T100152_047566_05B642_2844,Conifer,2023-03-09,S1_VH,-25.26007423138585,"{""type"":""MultiPoint"",""coordinates"":[]}"
2_1_S1A_IW_GRDH_1SDV_20230321T100127_20230321T100152_047741_05BC32_8A96,Conifer,2023-03-21,S1_VH,-19.967490790035708,"{""type"":""MultiPoint"",""coordinates"":[]}"
2_1_S1A_IW_GRDH_1SDV_20230402T100128_20230402T100153_047916_05C20A_2768,Conifer,2023-04-02,S1_VH,-19.44873185422448,"{""type"":""MultiPoint"",""coordinates"":[]}"
2_1_S1A_IW_GRDH_1SDV_20230414T100128_20230414T100153_048091_05C7F9_CB98,Conifer,2023-04-14,S1_VH,-20.206361342712373,"{""type"":""MultiPoint"",""coordinates"":[]}"
2_1_S1A_IW_GRDH_1SDV_20230426T100129_20230426T100154_048266_05CDD9_5D37,Conifer,2023-04-26,S1_VH,-20.478944406116778,"{""type"":""MultiPoint"",""coordinates"":[]}"
2_1_S1A_IW_GRDH_1SDV_20230508T100129_20230508T100154_048441_05D3B5_4AF3,Conifer,2023-05-08,S1_VH,-21.95998465537106,"{""type"":""MultiPoint"",""coordinates"":[]}"
2_1_S1A_IW_GRDH_1SDV_20230520T100130_20230520T100155_048616_05D8E5_B7A0,Conifer,2023-05-20,S1_VH,-24.93432884900589,"{""type"":""MultiPoint"",""coordinates"":[]}"
2_1_S1A_IW_GRDH_1SDV_20230601T100131_20230601T100156_048791_05DE1B_9E44,Conifer,2023-06-01,S1_VH,-17.80294965843977,"{""type"":""MultiPoint"",""coordinates"":[]}"
2_1_S1A_IW_GRDH_1SDV_20230613T100131_20230613T100156_048966_05E36F_300D,Conifer,2023-06-13,S1_VH,-15.922754163862951,"{""type"":""MultiPoint"",""coordinates"":[]}"
2_1_S1A_IW_GRDH_1SDV_20230625T100132_20230625T100157_049141_05E8C4_6322,Conifer,2023-06-25,S1_VH,-18.36657761968123,"{""type"":""MultiPoint"",""coordinates"":[]}"
2_1_S1A_IW_GRDH_1SDV_20230707T100133_20230707T100158_049316_05EE26_0D0D,Conifer,2023-07-07,S1_VH,-21.154139495035768,"{""type"":""MultiPoint"",""coordinates"":[]}"
2_1_S1A_IW_GRDH_1SDV_20230719T100133_20230719T100158_049491_05F383_61E2,Conifer,2023-07-19,S1_VH,-20.357926858962205,"{""type"":""MultiPoint"",""coordinates"":[]}"
2_1_S1A_IW_GRDH_1SDV_20230731T100134_20230731T100159_049666_05F8E6_4E98,Conifer,2023-07-31,S1_VH,-22.245299336509365,"{""type"":""MultiPoint"",""coordinates"":[]}"
2_1_S1A_IW_GRDH_1SDV_20230812T100134_20230812T100159_049841_05FE86_F648,Conifer,2023-08-12,S1_VH,-23.842669496366945,"{""type"":""MultiPoint"",""coordinates"":[]}"
2_1_S1A_IW_GRDH_1SDV_20230824T100135_20230824T100200_050016_060479_30BC,Conifer,2023-08-24,S1_VH,-18.923432390070165,"{""type"":""MultiPoint"",""coordinates"":[]}"
2_1_S1A_IW_GRDH_1SDV_20230905T100136_20230905T100201_050191_060A81_9D02,Conifer,2023-09-05,S1_VH,-22.11336523164078,"{""type"":""MultiPoint"",""coordinates"":[]}"
2_1_S1A_IW_GRDH_1SDV_20230917T100137_20230917T100202_050366_06106D_68C3,Conifer,2023-09-17,S1_VH,-15.550373146432243,"{""type"":""MultiPoint"",""coordinates"":[]}"
2_1_S1A_IW_GRDH_1SDV_20230929T100137_20230929T100202_050541_06166A_A4B5,Conifer,2023-09-29,S1_VH,-19.344121616607065,"{""type"":""MultiPoint"",""coordinates"":[]}"
2_1_S1A_IW_GRDH_1SDV_20231011T100136_20231011T100201_050716_061C6C_8343,Conifer,2023-10-11,S1_VH,-18.914088006567948,"{""type"":""MultiPoint"",""coordinates"":[]}"
2_1_S1A_IW_GRDH_1SDV_20231023T100137_20231023T100202_050891_062262_0381,Conifer,2023-10-23,S1_VH,-18.112375286680912,"{""type"":""MultiPoint"",""coordinates"":[]}"
2_1_S1A_IW_GRDH_1SDV_20231104T100136_20231104T100201_051066_062861_E9AA,Conifer,2023-11-04,S1_VH,-23.18694705913773,"{""type"":""MultiPoint"",""coordinates"":[]}"
2_1_S1A_IW_GRDH_1SDV_20231116T100136_20231116T100201_051241_062E6C_AE25,Conifer,2023-11-16,S1_VH,-18.172119347075565,"{""type"":""MultiPoint"",""coordinates"":[]}"
2_1_S1A_IW_GRDH_1SDV_20231128T100136_20231128T100201_051416_063479_46E6,Conifer,2023-11-28,S1_VH,-16.385015396158245,"{""type"":""MultiPoint"",""coordinates"":[]}"
2_1_S1A_IW_GRDH_1SDV_20231210T100135_20231210T100200_051591_063A8B_1B19,Conifer,2023-12-10,S1_VH,-20.20311271247968,"{""type"":""MultiPoint"",""coordinates"":[]}"
2_1_S1A_IW_GRDH_1SDV_20231222T100134_20231222T100159_051766_0640A4_35F8,Conifer,2023-12-22,S1_VH,-16.74380842481491,"{""type"":""MultiPoint"",""coordinates"":[]}"
2_1_S1A_IW_GRDH_1SDV_20240103T100134_20240103T100159_051941_06469E_B0BD,Conifer,2024-01-03,S1_VH,-20.493786683399055,"{""type"":""MultiPoint"",""coordinates"":[]}"
2_1_S1A_IW_GRDH_1SDV_20240115T100133_20240115T100158_052116_064C96_85C4,Conifer,2024-01-15,S1_VH,-22.009940676837697,"{""type"":""MultiPoint"",""coordinates"":[]}"
2_1_S1A_IW_GRDH_1SDV_20240127T100133_20240127T100158_052291_065279_CC9B,Conifer,2024-01-27,S1_VH,-17.56964029592135,"{""type"":""MultiPoint"",""coordinates"":[]}"
2_1_S1A_IW_GRDH_1SDV_20240208T100133_20240208T100158_052466_065863_2BE2,Conifer,2024-02-08,S1_VH,-15.828510531168636,"{""type"":""MultiPoint"",""coordinates"":[]}"
2_1_S1A_IW_GRDH_1SDV_20240220T100132_20240220T100157_052641_065E53_F421,Conifer,2024-02-20,S1_VH,-23.196986301957576,"{""type"":""MultiPoint"",""coordinates"":[]}"
2_1_S1A_IW_GRDH_1SDV_20240303T100133_20240303T100158_052816_06644E_5BA9,Conifer,2024-03-03,S1_VH,-18.904500614420733,"{""type"":""MultiPoint"",""coordinates"":[]}"
2_1_S1A_IW_GRDH_1SDV_20240315T100133_20240315T100158_052991_066A4A_6F1C,Conifer,2024-03-15,S1_VH,-20.681798303574244,"{""type"":""MultiPoint"",""coordinates"":[]}"
2_1_S1A_IW_GRDH_1SDV_20240327T100133_20240327T100158_053166_0670FC_0F48,Conifer,2024-03-27,S1_VH,-20.818016705467063,"{""type"":""MultiPoint"",""coordinates"":[]}"
2_1_S1A_IW_GRDH_1SDV_20240408T100134_20240408T100159_053341_0677CA_55C1,Conifer,2024-04-08,S1_VH,-20.047785020248647,"{""type"":""MultiPoint"",""coordinates"":[]}"
2_1_S1A_IW_GRDH_1SDV_20240420T100134_20240420T100159_053516_067EB1_C8A4,Conifer,2024-04-20,S1_VH,-18.702191356015998,"{""type"":""MultiPoint"",""coordinates"":[]}"
2_1_S1A_IW_GRDH_1SDV_20240502T100134_20240502T100159_053691_068591_FF8F,Conifer,2024-05-02,S1_VH,-20.014042453675195,"{""type"":""MultiPoint"",""coordinates"":[]}"
2_1_S1A_IW_GRDH_1SDV_20240526T100134_20240526T100159_054041_069205_BCDF,Conifer,2024-05-26,S1_VH,-17.327053687688252,"{""type"":""MultiPoint"",""coordinates"":[]}"
2_1_S1A_IW_GRDH_1SDV_20240607T100133_20240607T100158_054216_069814_5A8F,Conifer,2024-06-07,S1_VH,-17.650270025580227,"{""type"":""MultiPoint"",""coordinates"":[]}"
2_1_S1A_IW_GRDH_1SDV_20240619T100133_20240619T100158_054391_069E21_D2D1,Conifer,2024-06-19,S1_VH,-16.07094362655658,"{""type"":""MultiPoint"",""coordinates"":[]}"
2_1_S1A_IW_GRDH_1SDV_20240701T100132_20240701T100157_054566_06A43B_7DD1,Conifer,2024-07-01,S1_VH,-20.304009784999423,"{""type"":""MultiPoint"",""coordinates"":[]}"
2_1_S1A_IW_GRDH_1SDV_20240713T100132_20240713T100157_054741_06AA4A_DAED,Conifer,2024-07-13,S1_VH,-18.149121573244468,"{""type"":""MultiPoint"",""coordinates"":[]}"
2_1_S1A_IW_GRDH_1SDV_20240725T100131_20240725T100156_054916_06B064_F5AB,Conifer,2024-07-25,S1_VH,-22.737457315409408,"{""type"":""MultiPoint"",""coordinates"":[]}"
2_1_S1A_IW_GRDH_1SDV_20240806T100131_20240806T100156_055091_06B672_2DDB,Conifer,2024-08-06,S1_VH,-23.249985859487964,"{""type"":""MultiPoint"",""coordinates"":[]}"
2_1_S1A_IW_GRDH_1SDV_20240818T100132_20240818T100157_055266_06BCCE_EEE9,Conifer,2024-08-18,S1_VH,-21.136470283455306,"{""type"":""MultiPoint"",""coordinates"":[]}"
2_1_S1A_IW_GRDH_1SDV_20240830T100132_20240830T100157_055441_06C348_E01A,Conifer,2024-08-30,S1_VH,-17.975806732095418,"{""type"":""MultiPoint"",""coordinates"":[]}"
2_1_S1A_IW_GRDH_1SDV_20240911T100132_20240911T100157_055616_06CA1F_FB48,Conifer,2024-09-11,S1_VH,-20.169700203648603,"{""type"":""MultiPoint"",""coordinates"":[]}"
2_1_S1A_IW_GRDH_1SDV_20240923T100133_20240923T100158_055791_06D106_F890,Conifer,2024-09-23,S1_VH,-15.966000563441792,"{""type"":""MultiPoint"",""coordinates"":[]}"
2_1_S1A_IW_GRDH_1SDV_20241005T100133_20241005T100158_055966_06D7F2_5C57,Conifer,2024-10-05,S1_VH,-19.8928038434738,"{""type"":""MultiPoint"",""coordinates"":[]}"
2_1_S1A_IW_GRDH_1SDV_20241017T100133_20241017T100158_056141_06DED8_0541,Conifer,2024-10-17,S1_VH,-24.084354483611374,"{""type"":""MultiPoint"",""coordinates"":[]}"
2_1_S1A_IW_GRDH_1SDV_20241029T100112_20241029T100141_056316_06E5CE_4E4A,Conifer,2024-10-29,S1_VH,-19.21684027648621,"{""type"":""MultiPoint"",""coordinates"":[]}"
2_1_S1A_IW_GRDH_1SDV_20241110T100133_20241110T100158_056491_06ECBB_2DB3,Conifer,2024-11-10,S1_VH,-17.91517895192318,"{""type"":""MultiPoint"",""coordinates"":[]}"
2_1_S1A_IW_GRDH_1SDV_20241122T100132_20241122T100157_056666_06F3C3_9ADF,Conifer,2024-11-22,S1_VH,-15.439251425339119,"{""type"":""MultiPoint"",""coordinates"":[]}"
2_1_S1A_IW_GRDH_1SDV_20241204T100131_20241204T100156_056841_06FAAF_206E,Conifer,2024-12-04,S1_VH,-19.36172398024078,"{""type"":""MultiPoint"",""coordinates"":[]}"
2_1_S1A_IW_GRDH_1SDV_20241216T100130_20241216T100155_057016_07019C_C61C,Conifer,2024-12-16,S1_VH,-16.15171873065259,"{""type"":""MultiPoint"",""coordinates"":[]}"
2_1_S1A_IW_GRDH_1SDV_20241228T100129_20241228T100154_057191_070889_DBEF,Conifer,2024-12-28,S1_VH,-17.837674947629026,"{""type"":""MultiPoint"",""coordinates"":[]}"
2_2_S1A_IW_GRDH_1SDV_20230108T100129_20230108T100154_046691_0598BF_0F3C,Bamboo,2023-01-08,S1_VH,-13.016543219261301,"{""type"":""MultiPoint"",""coordinates"":[]}"
2_2_S1A_IW_GRDH_1SDV_20230120T100128_20230120T100153_046866_059EA8_1174,Bamboo,2023-01-20,S1_VH,-11.61014055581135,"{""type"":""MultiPoint"",""coordinates"":[]}"
2_2_S1A_IW_GRDH_1SDV_20230201T100128_20230201T100153_047041_05A486_12B5,Bamboo,2023-02-01,S1_VH,-13.053738532864045,"{""type"":""MultiPoint"",""coordinates"":[]}"
2_2_S1A_IW_GRDH_1SDV_20230213T100128_20230213T100153_047216_05AA62_E83B,Bamboo,2023-02-13,S1_VH,-11.470713345045224,"{""type"":""MultiPoint"",""coordinates"":[]}"
2_2_S1A_IW_GRDH_1SDV_20230225T100127_20230225T100152_047391_05B059_068C,Bamboo,2023-02-25,S1_VH,-13.042736440623893,"{""type"":""MultiPoint"",""coordinates"":[]}"
2_2_S1A_IW_GRDH_1SDV_20230309T100127_20230309T100152_047566_05B642_2844,Bamboo,2023-03-09,S1_VH,-9.402650791556898,"{""type"":""MultiPoint"",""coordinates"":[]}"
2_2_S1A_IW_GRDH_1SDV_20230321T100127_20230321T100152_047741_05BC32_8A96,Bamboo,2023-03-21,S1_VH,-14.02536937003963,"{""type"":""MultiPoint"",""coordinates"":[]}"
2_2_S1A_IW_GRDH_1SDV_20230402T100128_20230402T100153_047916_05C20A_2768,Bamboo,2023-04-02,S1_VH,-10.227052971393897,"{""type"":""MultiPoint"",""coordinates"":[]}"
2_2_S1A_IW_GRDH_1SDV_20230414T100128_20230414T100153_048091_05C7F9_CB98,Bamboo,2023-04-14,S1_VH,-12.667751383135622,"{""type"":""MultiPoint"",""coordinates"":[]}"
2_2_S1A_IW_GRDH_1SDV_20230426T100129_20230426T100154_048266_05CDD9_5D37,Bamboo,2023-04-26,S1_VH,-10.980262513884307,"{""type"":""MultiPoint"",""coordinates"":[]}"
2_2_S1A_IW_GRDH_1SDV_20230508T100129_20230508T100154_048441_05D3B5_4AF3,Bamboo,2023-05-08,S1_VH,-15.822351268142851,"{""type"":""MultiPoint"",""coordinates"":[]}"
2_2_S1A_IW_GRDH_1SDV_20230520T100130_20230520T100155_048616_05D8E5_B7A0,Bamboo,2023-05-20,S1_VH,-11.1922968065527,"{""type"":""MultiPoint"",""coordinates"":[]}"
2_2_S1A_IW_GRDH_1SDV_20230601T100131_20230601T100156_048791_05DE1B_9E44,Bamboo,2023-06-01,S1_VH,-13.180439105665302,"{""type"":""MultiPoint"",""coordinates"":[]}"
2_2_S1A_IW_GRDH_1SDV_20230613T100131_20230613T100156_048966_05E36F_300D,Bamboo,2023-06-13,S1_VH,-12.337093591196348,"{""type"":""MultiPoint"",""coordinates"":[]}"
2_2_S1A_IW_GRDH_1SDV_20230625T100132_20230625T100157_049141_05E8C4_6322,Bamboo,2023-06-25,S1_VH,-14.297457621262822,"{""type"":""MultiPoint"",""coordinates"":[]}"
2_2_S1A_IW_GRDH_1SDV_20230707T100133_20230707T100158_049316_05EE26_0D0D,Bamboo,2023-07-07,S1_VH,-15.147757963924882,"{""type"":""MultiPoint"",""coordinates"":[]}"
2_2_S1A_IW_GRDH_1SDV_20230719T100133_20230719T100158_049491_05F383_61E2,Bamboo,2023-07-19,S1_VH,-12.998709075667932,"{""type"":""MultiPoint"",""coordinates"":[]}"
2_2_S1A_IW_GRDH_1SDV_20230731T100134_20230731T100159_049666_05F8E6_4E98,Bamboo,2023-07-31,S1_VH,-13.091036600075473,"{""type"":""MultiPoint"",""coordinates"":[]}"
2_2_S1A_IW_GRDH_1SDV_20230812T100134_20230812T100159_049841_05FE86_F648,Bamboo,2023-08-12,S1_VH,-12.85969106768958,"{""type"":""MultiPoint"",""coordinates"":[]}"
2_2_S1A_IW_GRDH_1SDV_20230824T100135_20230824T100200_050016_060479_30BC,Bamboo,2023-08-24,S1_VH,-8.971157821212332,"{""type"":""MultiPoint"",""coordinates"":[]}"
2_2_S1A_IW_GRDH_1SDV_20230905T100136_20230905T100201_050191_060A81_9D02,Bamboo,2023-09-05,S1_VH,-9.785146676024187,"{""type"":""MultiPoint"",""coordinates"":[]}"
2_2_S1A_IW_GRDH_1SDV_20230917T100137_20230917T100202_050366_06106D_68C3,Bamboo,2023-09-17,S1_VH,-12.085106706143492,"{""type"":""MultiPoint"",""coordinates"":[]}"
2_2_S1A_IW_GRDH_1SDV_20230929T100137_20230929T100202_050541_06166A_A4B5,Bamboo,2023-09-29,S1_VH,-14.091450113744743,"{""type"":""MultiPoint"",""coordinates"":[]}"
2_2_S1A_IW_GRDH_1SDV_20231011T100136_20231011T100201_050716_061C6C_8343,Bamboo,2023-10-11,S1_VH,-14.947698226260947,"{""type"":""MultiPoint"",""coordinates"":[]}"
2_2_S1A_IW_GRDH_1SDV_20231023T100137_20231023T100202_050891_062262_0381,Bamboo,2023-10-23,S1_VH,-10.518791966818963,"{""type"":""MultiPoint"",""coordinates"":[]}"
2_2_S1A_IW_GRDH_1SDV_20231104T100136_20231104T100201_051066_062861_E9AA,Bamboo,2023-11-04,S1_VH,-14.95315085111596,"{""type"":""MultiPoint"",""coordinates"":[]}"
2_2_S1A_IW_GRDH_1SDV_20231116T100136_20231116T100201_051241_062E6C_AE25,Bamboo,2023-11-16,S1_VH,-13.866973802207188,"{""type"":""MultiPoint"",""coordinates"":[]}"
2_2_S1A_IW_GRDH_1SDV_20231128T100136_20231128T100201_051416_063479_46E6,Bamboo,2023-11-28,S1_VH,-15.844636771773967,"{""type"":""MultiPoint"",""coordinates"":[]}"
2_2_S1A_IW_GRDH_1SDV_20231210T100135_20231210T100200_051591_063A8B_1B19,Bamboo,2023-12-10,S1_VH,-16.147497431506455,"{""type"":""MultiPoint"",""coordinates"":[]}"
2_2_S1A_IW_GRDH_1SDV_20231222T100134_20231222T100159_051766_0640A4_35F8,Bamboo,2023-12-22,S1_VH,-14.453202615180501,"{""type"":""MultiPoint"",""coordinates"":[]}"
2_2_S1A_IW_GRDH_1SDV_20240103T100134_20240103T100159_051941_06469E_B0BD,Bamboo,2024-01-03,S1_VH,-12.621774334691196,"{""type"":""MultiPoint"",""coordinates"":[]}"
2_2_S1A_IW_GRDH_1SDV_20240115T100133_20240115T100158_052116_064C96_85C4,Bamboo,2024-01-15,S1_VH,-16.031658812376083,"{""type"":""MultiPoint"",""coordinates"":[]}"
2_2_S1A_IW_GRDH_1SDV_20240127T100133_20240127T100158_052291_065279_CC9B,Bamboo,2024-01-27,S1_VH,-12.633351132535761,"{""type"":""MultiPoint"",""coordinates"":[]}"
2_2_S1A_IW_GRDH_1SDV_20240208T100133_20240208T100158_052466_065863_2BE2,Bamboo,2024-02-08,S1_VH,-11.56966688150237,"{""type"":""MultiPoint"",""coordinates"":[]}"
2_2_S1A_IW_GRDH_1SDV_20240220T100132_20240220T100157_052641_065E53_F421,Bamboo,2024-02-20,S1_VH,-14.405754857291642,"{""type"":""MultiPoint"",""coordinates"":[]}"
2_2_S1A_IW_GRDH_1SDV_20240303T100133_20240303T100158_052816_06644E_5BA9,Bamboo,2024-03-03,S1_VH,-11.825360353700944,"{""type"":""MultiPoint"",""coordinates"":[]}"
2_2_S1A_IW_GRDH_1SDV_20240315T100133_20240315T100158_052991_066A4A_6F1C,Bamboo,2024-03-15,S1_VH,-11.386542480956187,"{""type"":""MultiPoint"",""coordinates"":[]}"
2_2_S1A_IW_GRDH_1SDV_20240327T100133_20240327T100158_053166_0670FC_0F48,Bamboo,2024-03-27,S1_VH,-9.41023175686074,"{""type"":""MultiPoint"",""coordinates"":[]}"
2_2_S1A_IW_GRDH_1SDV_20240408T100134_20240408T100159_053341_0677CA_55C1,Bamboo,2024-04-08,S1_VH,-12.503903295899594,"{""type"":""MultiPoint"",""coordinates"":[]}"
2_2_S1A_IW_GRDH_1SDV_20240420T100134_20240420T100159_053516_067EB1_C8A4,Bamboo,2024-04-20,S1_VH,-14.176534500011272,"{""type"":""MultiPoint"",""coordinates"":[]}"
2_2_S1A_IW_GRDH_1SDV_20240502T100134_20240502T100159_053691_068591_FF8F,Bamboo,2024-05-02,S1_VH,-10.654200083874573,"{""type"":""MultiPoint"",""coordinates"":[]}"
2_2_S1A_IW_GRDH_1SDV_20240526T100134_20240526T100159_054041_069205_BCDF,Bamboo,2024-05-26,S1_VH,-11.591735107598605,"{""type"":""MultiPoint"",""coordinates"":[]}"
2_2_S1A_IW_GRDH_1SDV_20240607T100133_20240607T100158_054216_069814_5A8F,Bamboo,2024-06-07,S1_VH,-11.513456816119943,"{""type"":""MultiPoint"",""coordinates"":[]}"
2_2_S1A_IW_GRDH_1SDV_20240619T100133_20240619T100158_054391_069E21_D2D1,Bamboo,2024-06-19,S1_VH,-12.075630195166465,"{""type"":""MultiPoint"",""coordinates"":[]}"
2_2_S1A_IW_GRDH_1SDV_20240701T100132_20240701T100157_054566_06A43B_7DD1,Bamboo,2024-07-01,S1_VH,-16.677310964725656,"{""type"":""MultiPoint"",""coordinates"":[]}"
2_2_S1A_IW_GRDH_1SDV_20240713T100132_20240713T100157_054741_06AA4A_DAED,Bamboo,2024-07-13,S1_VH,-11.321478857299088,"{""type"":""MultiPoint"",""coordinates"":[]}"
2_2_S1A_IW_GRDH_1SDV_20240725T100131_20240725T100156_054916_06B064_F5AB,Bamboo,2024-07-25,S1_VH,-9.282474391926094,"{""type"":""MultiPoint"",""coordinates"":[]}"
2_2_S1A_IW_GRDH_1SDV_20240806T100131_20240806T100156_055091_06B672_2DDB,Bamboo,2024-08-06,S1_VH,-12.246925905284039,"{""type"":""MultiPoint"",""coordinates"":[]}"
2_2_S1A_IW_GRDH_1SDV_20240818T100132_20240818T100157_055266_06BCCE_EEE9,Bamboo,2024-08-18,S1_VH,-12.006017175806123,"{""type"":""MultiPoint"",""coordinates"":[]}"
2_2_S1A_IW_GRDH_1SDV_20240830T100132_20240830T100157_055441_06C348_E01A,Bamboo,2024-08-30,S1_VH,-12.521514989196687,"{""type"":""MultiPoint"",""coordinates"":[]}"
2_2_S1A_IW_GRDH_1SDV_20240911T100132_20240911T100157_055616_06CA1F_FB48,Bamboo,2024-09-11,S1_VH,-11.99765603211221,"{""type"":""MultiPoint"",""coordinates"":[]}"
2_2_S1A_IW_GRDH_1SDV_20240923T100133_20240923T100158_055791_06D106_F890,Bamboo,2024-09-23,S1_VH,-12.370439968828354,"{""type"":""MultiPoint"",""coordinates"":[]}"
2_2_S1A_IW_GRDH_1SDV_20241005T100133_20241005T100158_055966_06D7F2_5C57,Bamboo,2024-10-05,S1_VH,-10.64558886330769,"{""type"":""MultiPoint"",""coordinates"":[]}"
2_2_S1A_IW_GRDH_1SDV_20241017T100133_20241017T100158_056141_06DED8_0541,Bamboo,2024-10-17,S1_VH,-13.151095832767783,"{""type"":""MultiPoint"",""coordinates"":[]}"
2_2_S1A_IW_GRDH_1SDV_20241029T100112_20241029T100141_056316_06E5CE_4E4A,Bamboo,2024-10-29,S1_VH,-12.459662636926442,"{""type"":""MultiPoint"",""coordinates"":[]}"
2_2_S1A_IW_GRDH_1SDV_20241110T100133_20241110T100158_056491_06ECBB_2DB3,Bamboo,2024-11-10,S1_VH,-10.47703778898505,"{""type"":""MultiPoint"",""coordinates"":[]}"
2_2_S1A_IW_GRDH_1SDV_20241122T100132_20241122T100157_056666_06F3C3_9ADF,Bamboo,2024-11-22,S1_VH,-12.473728900550052,"{""type"":""MultiPoint"",""coordinates"":[]}"
2_2_S1A_IW_GRDH_1SDV_20241204T100131_20241204T100156_056841_06FAAF_206E,Bamboo,2024-12-04,S1_VH,-13.946931423587515,"{""type"":""MultiPoint"",""coordinates"":[]}"
2_2_S1A_IW_GRDH_1SDV_20241216T100130_20241216T100155_057016_07019C_C61C,Bamboo,2024-12-16,S1_VH,-11.47547285358819,"{""type"":""MultiPoint"",""coordinates"":[]}"
2_2_S1A_IW_GRDH_1SDV_20241228T100129_20241228T100154_057191_070889_DBEF,Bamboo,2024-12-28,S1_VH,-13.877996676977403,"{""type"":""MultiPoint"",""coordinates"":[]}"
